{
  "ABIRoot": {
    "kind": "Root",
    "name": "OneSignalLiveActivities",
    "printedName": "OneSignalLiveActivities",
    "children": [
      {
        "kind": "Import",
        "name": "OneSignalCore",
        "printedName": "OneSignalCore",
        "declKind": "Import",
        "moduleName": "OneSignalLiveActivities",
        "declAttributes": [
          "RawDocComment"
        ]
      },
      {
        "kind": "Import",
        "name": "OneSignalUser",
        "printedName": "OneSignalUser",
        "declKind": "Import",
        "moduleName": "OneSignalLiveActivities"
      },
      {
        "kind": "Import",
        "name": "OneSignalCore",
        "printedName": "OneSignalCore",
        "declKind": "Import",
        "moduleName": "OneSignalLiveActivities",
        "declAttributes": [
          "RawDocComment"
        ]
      },
      {
        "kind": "Import",
        "name": "OneSignalOSCore",
        "printedName": "OneSignalOSCore",
        "declKind": "Import",
        "moduleName": "OneSignalLiveActivities"
      },
      {
        "kind": "Import",
        "name": "OneSignalUser",
        "printedName": "OneSignalUser",
        "declKind": "Import",
        "moduleName": "OneSignalLiveActivities"
      },
      {
        "kind": "Import",
        "name": "OneSignalCore",
        "printedName": "OneSignalCore",
        "declKind": "Import",
        "moduleName": "OneSignalLiveActivities",
        "declAttributes": [
          "RawDocComment"
        ]
      },
      {
        "kind": "Import",
        "name": "OneSignalUser",
        "printedName": "OneSignalUser",
        "declKind": "Import",
        "moduleName": "OneSignalLiveActivities"
      },
      {
        "kind": "Import",
        "name": "OneSignalCore",
        "printedName": "OneSignalCore",
        "declKind": "Import",
        "moduleName": "OneSignalLiveActivities",
        "declAttributes": [
          "RawDocComment"
        ]
      },
      {
        "kind": "Import",
        "name": "Foundation",
        "printedName": "Foundation",
        "declKind": "Import",
        "moduleName": "OneSignalLiveActivities",
        "declAttributes": [
          "RawDocComment"
        ]
      },
      {
        "kind": "TypeDecl",
        "name": "AnyCodable",
        "printedName": "AnyCodable",
        "children": [
          {
            "kind": "Var",
            "name": "value",
            "printedName": "value",
            "children": [
              {
                "kind": "TypeNominal",
                "name": "ProtocolComposition",
                "printedName": "Any"
              }
            ],
            "declKind": "Var",
            "usr": "s:23OneSignalLiveActivities10AnyCodableV5valueypvp",
            "mangledName": "$s23OneSignalLiveActivities10AnyCodableV5valueypvp",
            "moduleName": "OneSignalLiveActivities",
            "declAttributes": [
              "HasStorage",
              "AccessControl"
            ],
            "fixedbinaryorder": 0,
            "isLet": true,
            "hasStorage": true,
            "accessors": [
              {
                "kind": "Accessor",
                "name": "Get",
                "printedName": "Get()",
                "children": [
                  {
                    "kind": "TypeNominal",
                    "name": "ProtocolComposition",
                    "printedName": "Any"
                  }
                ],
                "declKind": "Accessor",
                "usr": "s:23OneSignalLiveActivities10AnyCodableV5valueypvg",
                "mangledName": "$s23OneSignalLiveActivities10AnyCodableV5valueypvg",
                "moduleName": "OneSignalLiveActivities",
                "implicit": true,
                "declAttributes": [
                  "Transparent"
                ],
                "accessorKind": "get"
              }
            ]
          },
          {
            "kind": "Function",
            "name": "asBool",
            "printedName": "asBool()",
            "children": [
              {
                "kind": "TypeNominal",
                "name": "Optional",
                "printedName": "Swift.Bool?",
                "children": [
                  {
                    "kind": "TypeNominal",
                    "name": "Bool",
                    "printedName": "Swift.Bool",
                    "usr": "s:Sb"
                  }
                ],
                "usr": "s:Sq"
              }
            ],
            "declKind": "Func",
            "usr": "s:23OneSignalLiveActivities10AnyCodableV6asBoolSbSgyF",
            "mangledName": "$s23OneSignalLiveActivities10AnyCodableV6asBoolSbSgyF",
            "moduleName": "OneSignalLiveActivities",
            "declAttributes": [
              "AccessControl"
            ],
            "funcSelfKind": "NonMutating"
          },
          {
            "kind": "Function",
            "name": "asInt",
            "printedName": "asInt()",
            "children": [
              {
                "kind": "TypeNominal",
                "name": "Optional",
                "printedName": "Swift.Int?",
                "children": [
                  {
                    "kind": "TypeNominal",
                    "name": "Int",
                    "printedName": "Swift.Int",
                    "usr": "s:Si"
                  }
                ],
                "usr": "s:Sq"
              }
            ],
            "declKind": "Func",
            "usr": "s:23OneSignalLiveActivities10AnyCodableV5asIntSiSgyF",
            "mangledName": "$s23OneSignalLiveActivities10AnyCodableV5asIntSiSgyF",
            "moduleName": "OneSignalLiveActivities",
            "declAttributes": [
              "AccessControl"
            ],
            "funcSelfKind": "NonMutating"
          },
          {
            "kind": "Function",
            "name": "asDouble",
            "printedName": "asDouble()",
            "children": [
              {
                "kind": "TypeNominal",
                "name": "Optional",
                "printedName": "Swift.Double?",
                "children": [
                  {
                    "kind": "TypeNominal",
                    "name": "Double",
                    "printedName": "Swift.Double",
                    "usr": "s:Sd"
                  }
                ],
                "usr": "s:Sq"
              }
            ],
            "declKind": "Func",
            "usr": "s:23OneSignalLiveActivities10AnyCodableV8asDoubleSdSgyF",
            "mangledName": "$s23OneSignalLiveActivities10AnyCodableV8asDoubleSdSgyF",
            "moduleName": "OneSignalLiveActivities",
            "declAttributes": [
              "AccessControl"
            ],
            "funcSelfKind": "NonMutating"
          },
          {
            "kind": "Function",
            "name": "asString",
            "printedName": "asString()",
            "children": [
              {
                "kind": "TypeNominal",
                "name": "Optional",
                "printedName": "Swift.String?",
                "children": [
                  {
                    "kind": "TypeNominal",
                    "name": "String",
                    "printedName": "Swift.String",
                    "usr": "s:SS"
                  }
                ],
                "usr": "s:Sq"
              }
            ],
            "declKind": "Func",
            "usr": "s:23OneSignalLiveActivities10AnyCodableV8asStringSSSgyF",
            "mangledName": "$s23OneSignalLiveActivities10AnyCodableV8asStringSSSgyF",
            "moduleName": "OneSignalLiveActivities",
            "declAttributes": [
              "AccessControl"
            ],
            "funcSelfKind": "NonMutating"
          },
          {
            "kind": "Function",
            "name": "asArray",
            "printedName": "asArray()",
            "children": [
              {
                "kind": "TypeNominal",
                "name": "Optional",
                "printedName": "[OneSignalLiveActivities.AnyCodable]?",
                "children": [
                  {
                    "kind": "TypeNominal",
                    "name": "Array",
                    "printedName": "[OneSignalLiveActivities.AnyCodable]",
                    "children": [
                      {
                        "kind": "TypeNominal",
                        "name": "AnyCodable",
                        "printedName": "OneSignalLiveActivities.AnyCodable",
                        "usr": "s:23OneSignalLiveActivities10AnyCodableV"
                      }
                    ],
                    "usr": "s:Sa"
                  }
                ],
                "usr": "s:Sq"
              }
            ],
            "declKind": "Func",
            "usr": "s:23OneSignalLiveActivities10AnyCodableV7asArraySayACGSgyF",
            "mangledName": "$s23OneSignalLiveActivities10AnyCodableV7asArraySayACGSgyF",
            "moduleName": "OneSignalLiveActivities",
            "declAttributes": [
              "AccessControl"
            ],
            "funcSelfKind": "NonMutating"
          },
          {
            "kind": "Function",
            "name": "asDict",
            "printedName": "asDict()",
            "children": [
              {
                "kind": "TypeNominal",
                "name": "Optional",
                "printedName": "[Swift.String : OneSignalLiveActivities.AnyCodable]?",
                "children": [
                  {
                    "kind": "TypeNominal",
                    "name": "Dictionary",
                    "printedName": "[Swift.String : OneSignalLiveActivities.AnyCodable]",
                    "children": [
                      {
                        "kind": "TypeNominal",
                        "name": "String",
                        "printedName": "Swift.String",
                        "usr": "s:SS"
                      },
                      {
                        "kind": "TypeNominal",
                        "name": "AnyCodable",
                        "printedName": "OneSignalLiveActivities.AnyCodable",
                        "usr": "s:23OneSignalLiveActivities10AnyCodableV"
                      }
                    ],
                    "usr": "s:SD"
                  }
                ],
                "usr": "s:Sq"
              }
            ],
            "declKind": "Func",
            "usr": "s:23OneSignalLiveActivities10AnyCodableV6asDictSDySSACGSgyF",
            "mangledName": "$s23OneSignalLiveActivities10AnyCodableV6asDictSDySSACGSgyF",
            "moduleName": "OneSignalLiveActivities",
            "declAttributes": [
              "AccessControl"
            ],
            "funcSelfKind": "NonMutating"
          },
          {
            "kind": "Constructor",
            "name": "init",
            "printedName": "init(_:)",
            "children": [
              {
                "kind": "TypeNominal",
                "name": "AnyCodable",
                "printedName": "OneSignalLiveActivities.AnyCodable",
                "usr": "s:23OneSignalLiveActivities10AnyCodableV"
              },
              {
                "kind": "TypeNominal",
                "name": "Optional",
                "printedName": "τ_0_0?",
                "children": [
                  {
                    "kind": "TypeNominal",
                    "name": "GenericTypeParam",
                    "printedName": "τ_0_0"
                  }
                ],
                "usr": "s:Sq"
              }
            ],
            "declKind": "Constructor",
            "usr": "s:23OneSignalLiveActivities10AnyCodableVyACxSgclufc",
            "mangledName": "$s23OneSignalLiveActivities10AnyCodableVyACxSgclufc",
            "moduleName": "OneSignalLiveActivities",
            "genericSig": "<τ_0_0>",
            "sugared_genericSig": "<T>",
            "declAttributes": [
              "AccessControl"
            ],
            "init_kind": "Designated"
          },
          {
            "kind": "Constructor",
            "name": "init",
            "printedName": "init(nilLiteral:)",
            "children": [
              {
                "kind": "TypeNominal",
                "name": "AnyCodable",
                "printedName": "OneSignalLiveActivities.AnyCodable",
                "usr": "s:23OneSignalLiveActivities10AnyCodableV"
              },
              {
                "kind": "TypeNominal",
                "name": "Void",
                "printedName": "()"
              }
            ],
            "declKind": "Constructor",
            "usr": "s:23OneSignalLiveActivities10AnyCodableV10nilLiteralACyt_tcfc",
            "mangledName": "$s23OneSignalLiveActivities10AnyCodableV10nilLiteralACyt_tcfc",
            "moduleName": "OneSignalLiveActivities",
            "declAttributes": [
              "AccessControl"
            ],
            "init_kind": "Designated"
          },
          {
            "kind": "Constructor",
            "name": "init",
            "printedName": "init(booleanLiteral:)",
            "children": [
              {
                "kind": "TypeNominal",
                "name": "AnyCodable",
                "printedName": "OneSignalLiveActivities.AnyCodable",
                "usr": "s:23OneSignalLiveActivities10AnyCodableV"
              },
              {
                "kind": "TypeNominal",
                "name": "Bool",
                "printedName": "Swift.Bool",
                "usr": "s:Sb"
              }
            ],
            "declKind": "Constructor",
            "usr": "s:23OneSignalLiveActivities10AnyCodableV14booleanLiteralACSb_tcfc",
            "mangledName": "$s23OneSignalLiveActivities10AnyCodableV14booleanLiteralACSb_tcfc",
            "moduleName": "OneSignalLiveActivities",
            "declAttributes": [
              "AccessControl"
            ],
            "init_kind": "Designated"
          },
          {
            "kind": "Constructor",
            "name": "init",
            "printedName": "init(integerLiteral:)",
            "children": [
              {
                "kind": "TypeNominal",
                "name": "AnyCodable",
                "printedName": "OneSignalLiveActivities.AnyCodable",
                "usr": "s:23OneSignalLiveActivities10AnyCodableV"
              },
              {
                "kind": "TypeNominal",
                "name": "Int",
                "printedName": "Swift.Int",
                "usr": "s:Si"
              }
            ],
            "declKind": "Constructor",
            "usr": "s:23OneSignalLiveActivities10AnyCodableV14integerLiteralACSi_tcfc",
            "mangledName": "$s23OneSignalLiveActivities10AnyCodableV14integerLiteralACSi_tcfc",
            "moduleName": "OneSignalLiveActivities",
            "declAttributes": [
              "AccessControl"
            ],
            "init_kind": "Designated"
          },
          {
            "kind": "Constructor",
            "name": "init",
            "printedName": "init(floatLiteral:)",
            "children": [
              {
                "kind": "TypeNominal",
                "name": "AnyCodable",
                "printedName": "OneSignalLiveActivities.AnyCodable",
                "usr": "s:23OneSignalLiveActivities10AnyCodableV"
              },
              {
                "kind": "TypeNominal",
                "name": "Double",
                "printedName": "Swift.Double",
                "usr": "s:Sd"
              }
            ],
            "declKind": "Constructor",
            "usr": "s:23OneSignalLiveActivities10AnyCodableV12floatLiteralACSd_tcfc",
            "mangledName": "$s23OneSignalLiveActivities10AnyCodableV12floatLiteralACSd_tcfc",
            "moduleName": "OneSignalLiveActivities",
            "declAttributes": [
              "AccessControl"
            ],
            "init_kind": "Designated"
          },
          {
            "kind": "Constructor",
            "name": "init",
            "printedName": "init(extendedGraphemeClusterLiteral:)",
            "children": [
              {
                "kind": "TypeNominal",
                "name": "AnyCodable",
                "printedName": "OneSignalLiveActivities.AnyCodable",
                "usr": "s:23OneSignalLiveActivities10AnyCodableV"
              },
              {
                "kind": "TypeNominal",
                "name": "String",
                "printedName": "Swift.String",
                "usr": "s:SS"
              }
            ],
            "declKind": "Constructor",
            "usr": "s:23OneSignalLiveActivities10AnyCodableV30extendedGraphemeClusterLiteralACSS_tcfc",
            "mangledName": "$s23OneSignalLiveActivities10AnyCodableV30extendedGraphemeClusterLiteralACSS_tcfc",
            "moduleName": "OneSignalLiveActivities",
            "declAttributes": [
              "AccessControl"
            ],
            "init_kind": "Designated"
          },
          {
            "kind": "Constructor",
            "name": "init",
            "printedName": "init(stringLiteral:)",
            "children": [
              {
                "kind": "TypeNominal",
                "name": "AnyCodable",
                "printedName": "OneSignalLiveActivities.AnyCodable",
                "usr": "s:23OneSignalLiveActivities10AnyCodableV"
              },
              {
                "kind": "TypeNominal",
                "name": "String",
                "printedName": "Swift.String",
                "usr": "s:SS"
              }
            ],
            "declKind": "Constructor",
            "usr": "s:23OneSignalLiveActivities10AnyCodableV13stringLiteralACSS_tcfc",
            "mangledName": "$s23OneSignalLiveActivities10AnyCodableV13stringLiteralACSS_tcfc",
            "moduleName": "OneSignalLiveActivities",
            "declAttributes": [
              "AccessControl"
            ],
            "init_kind": "Designated"
          },
          {
            "kind": "Constructor",
            "name": "init",
            "printedName": "init(arrayLiteral:)",
            "children": [
              {
                "kind": "TypeNominal",
                "name": "AnyCodable",
                "printedName": "OneSignalLiveActivities.AnyCodable",
                "usr": "s:23OneSignalLiveActivities10AnyCodableV"
              },
              {
                "kind": "TypeNominal",
                "name": "Array",
                "printedName": "[Any]",
                "children": [
                  {
                    "kind": "TypeNominal",
                    "name": "ProtocolComposition",
                    "printedName": "Any"
                  }
                ],
                "usr": "s:Sa"
              }
            ],
            "declKind": "Constructor",
            "usr": "s:23OneSignalLiveActivities10AnyCodableV12arrayLiteralACypd_tcfc",
            "mangledName": "$s23OneSignalLiveActivities10AnyCodableV12arrayLiteralACypd_tcfc",
            "moduleName": "OneSignalLiveActivities",
            "declAttributes": [
              "AccessControl"
            ],
            "init_kind": "Designated"
          },
          {
            "kind": "Constructor",
            "name": "init",
            "printedName": "init(dictionaryLiteral:)",
            "children": [
              {
                "kind": "TypeNominal",
                "name": "AnyCodable",
                "printedName": "OneSignalLiveActivities.AnyCodable",
                "usr": "s:23OneSignalLiveActivities10AnyCodableV"
              },
              {
                "kind": "TypeNominal",
                "name": "Array",
                "printedName": "[(Swift.AnyHashable, Any)]",
                "children": [
                  {
                    "kind": "TypeNominal",
                    "name": "Tuple",
                    "printedName": "(Swift.AnyHashable, Any)",
                    "children": [
                      {
                        "kind": "TypeNominal",
                        "name": "AnyHashable",
                        "printedName": "Swift.AnyHashable",
                        "usr": "s:s11AnyHashableV"
                      },
                      {
                        "kind": "TypeNominal",
                        "name": "ProtocolComposition",
                        "printedName": "Any"
                      }
                    ]
                  }
                ],
                "usr": "s:Sa"
              }
            ],
            "declKind": "Constructor",
            "usr": "s:23OneSignalLiveActivities10AnyCodableV17dictionaryLiteralACs0E8HashableV_yptd_tcfc",
            "mangledName": "$s23OneSignalLiveActivities10AnyCodableV17dictionaryLiteralACs0E8HashableV_yptd_tcfc",
            "moduleName": "OneSignalLiveActivities",
            "declAttributes": [
              "AccessControl"
            ],
            "init_kind": "Designated"
          },
          {
            "kind": "Constructor",
            "name": "init",
            "printedName": "init(from:)",
            "children": [
              {
                "kind": "TypeNominal",
                "name": "AnyCodable",
                "printedName": "OneSignalLiveActivities.AnyCodable",
                "usr": "s:23OneSignalLiveActivities10AnyCodableV"
              },
              {
                "kind": "TypeNominal",
                "name": "Decoder",
                "printedName": "any Swift.Decoder",
                "usr": "s:s7DecoderP"
              }
            ],
            "declKind": "Constructor",
            "usr": "s:23OneSignalLiveActivities10AnyCodableV4fromACs7Decoder_p_tKcfc",
            "mangledName": "$s23OneSignalLiveActivities10AnyCodableV4fromACs7Decoder_p_tKcfc",
            "moduleName": "OneSignalLiveActivities",
            "declAttributes": [
              "AccessControl"
            ],
            "throwing": true,
            "init_kind": "Designated"
          },
          {
            "kind": "Function",
            "name": "encode",
            "printedName": "encode(to:)",
            "children": [
              {
                "kind": "TypeNominal",
                "name": "Void",
                "printedName": "()"
              },
              {
                "kind": "TypeNominal",
                "name": "Encoder",
                "printedName": "any Swift.Encoder",
                "usr": "s:s7EncoderP"
              }
            ],
            "declKind": "Func",
            "usr": "s:23OneSignalLiveActivities10AnyCodableV6encode2toys7Encoder_p_tKF",
            "mangledName": "$s23OneSignalLiveActivities10AnyCodableV6encode2toys7Encoder_p_tKF",
            "moduleName": "OneSignalLiveActivities",
            "declAttributes": [
              "AccessControl",
              "RawDocComment"
            ],
            "throwing": true,
            "funcSelfKind": "NonMutating"
          },
          {
            "kind": "Function",
            "name": "==",
            "printedName": "==(_:_:)",
            "children": [
              {
                "kind": "TypeNominal",
                "name": "Bool",
                "printedName": "Swift.Bool",
                "usr": "s:Sb"
              },
              {
                "kind": "TypeNominal",
                "name": "AnyCodable",
                "printedName": "OneSignalLiveActivities.AnyCodable",
                "usr": "s:23OneSignalLiveActivities10AnyCodableV"
              },
              {
                "kind": "TypeNominal",
                "name": "AnyCodable",
                "printedName": "OneSignalLiveActivities.AnyCodable",
                "usr": "s:23OneSignalLiveActivities10AnyCodableV"
              }
            ],
            "declKind": "Func",
            "usr": "s:23OneSignalLiveActivities10AnyCodableV2eeoiySbAC_ACtFZ",
            "mangledName": "$s23OneSignalLiveActivities10AnyCodableV2eeoiySbAC_ACtFZ",
            "moduleName": "OneSignalLiveActivities",
            "static": true,
            "declAttributes": [
              "AccessControl"
            ],
            "isFromExtension": true,
            "funcSelfKind": "NonMutating"
          },
          {
            "kind": "Var",
            "name": "description",
            "printedName": "description",
            "children": [
              {
                "kind": "TypeNominal",
                "name": "String",
                "printedName": "Swift.String",
                "usr": "s:SS"
              }
            ],
            "declKind": "Var",
            "usr": "s:23OneSignalLiveActivities10AnyCodableV11descriptionSSvp",
            "mangledName": "$s23OneSignalLiveActivities10AnyCodableV11descriptionSSvp",
            "moduleName": "OneSignalLiveActivities",
            "declAttributes": [
              "AccessControl"
            ],
            "isFromExtension": true,
            "accessors": [
              {
                "kind": "Accessor",
                "name": "Get",
                "printedName": "Get()",
                "children": [
                  {
                    "kind": "TypeNominal",
                    "name": "String",
                    "printedName": "Swift.String",
                    "usr": "s:SS"
                  }
                ],
                "declKind": "Accessor",
                "usr": "s:23OneSignalLiveActivities10AnyCodableV11descriptionSSvg",
                "mangledName": "$s23OneSignalLiveActivities10AnyCodableV11descriptionSSvg",
                "moduleName": "OneSignalLiveActivities",
                "isFromExtension": true,
                "accessorKind": "get"
              }
            ]
          },
          {
            "kind": "Var",
            "name": "debugDescription",
            "printedName": "debugDescription",
            "children": [
              {
                "kind": "TypeNominal",
                "name": "String",
                "printedName": "Swift.String",
                "usr": "s:SS"
              }
            ],
            "declKind": "Var",
            "usr": "s:23OneSignalLiveActivities10AnyCodableV16debugDescriptionSSvp",
            "mangledName": "$s23OneSignalLiveActivities10AnyCodableV16debugDescriptionSSvp",
            "moduleName": "OneSignalLiveActivities",
            "declAttributes": [
              "AccessControl"
            ],
            "isFromExtension": true,
            "accessors": [
              {
                "kind": "Accessor",
                "name": "Get",
                "printedName": "Get()",
                "children": [
                  {
                    "kind": "TypeNominal",
                    "name": "String",
                    "printedName": "Swift.String",
                    "usr": "s:SS"
                  }
                ],
                "declKind": "Accessor",
                "usr": "s:23OneSignalLiveActivities10AnyCodableV16debugDescriptionSSvg",
                "mangledName": "$s23OneSignalLiveActivities10AnyCodableV16debugDescriptionSSvg",
                "moduleName": "OneSignalLiveActivities",
                "isFromExtension": true,
                "accessorKind": "get"
              }
            ]
          },
          {
            "kind": "Function",
            "name": "hash",
            "printedName": "hash(into:)",
            "children": [
              {
                "kind": "TypeNominal",
                "name": "Void",
                "printedName": "()"
              },
              {
                "kind": "TypeNominal",
                "name": "Hasher",
                "printedName": "Swift.Hasher",
                "paramValueOwnership": "InOut",
                "usr": "s:s6HasherV"
              }
            ],
            "declKind": "Func",
            "usr": "s:23OneSignalLiveActivities10AnyCodableV4hash4intoys6HasherVz_tF",
            "mangledName": "$s23OneSignalLiveActivities10AnyCodableV4hash4intoys6HasherVz_tF",
            "moduleName": "OneSignalLiveActivities",
            "declAttributes": [
              "AccessControl"
            ],
            "isFromExtension": true,
            "funcSelfKind": "NonMutating"
          },
          {
            "kind": "Var",
            "name": "hashValue",
            "printedName": "hashValue",
            "children": [
              {
                "kind": "TypeNominal",
                "name": "Int",
                "printedName": "Swift.Int",
                "usr": "s:Si"
              }
            ],
            "declKind": "Var",
            "usr": "s:23OneSignalLiveActivities10AnyCodableV9hashValueSivp",
            "mangledName": "$s23OneSignalLiveActivities10AnyCodableV9hashValueSivp",
            "moduleName": "OneSignalLiveActivities",
            "implicit": true,
            "isFromExtension": true,
            "accessors": [
              {
                "kind": "Accessor",
                "name": "Get",
                "printedName": "Get()",
                "children": [
                  {
                    "kind": "TypeNominal",
                    "name": "Int",
                    "printedName": "Swift.Int",
                    "usr": "s:Si"
                  }
                ],
                "declKind": "Accessor",
                "usr": "s:23OneSignalLiveActivities10AnyCodableV9hashValueSivg",
                "mangledName": "$s23OneSignalLiveActivities10AnyCodableV9hashValueSivg",
                "moduleName": "OneSignalLiveActivities",
                "implicit": true,
                "isFromExtension": true,
                "accessorKind": "get"
              }
            ]
          }
        ],
        "declKind": "Struct",
        "usr": "s:23OneSignalLiveActivities10AnyCodableV",
        "mangledName": "$s23OneSignalLiveActivities10AnyCodableV",
        "moduleName": "OneSignalLiveActivities",
        "declAttributes": [
          "AccessControl",
          "Frozen",
          "RawDocComment"
        ],
        "conformances": [
          {
            "kind": "Conformance",
            "name": "Copyable",
            "printedName": "Copyable",
            "usr": "s:s8CopyableP",
            "mangledName": "$ss8CopyableP"
          },
          {
            "kind": "Conformance",
            "name": "Escapable",
            "printedName": "Escapable",
            "usr": "s:s9EscapableP",
            "mangledName": "$ss9EscapableP"
          },
          {
            "kind": "Conformance",
            "name": "Decodable",
            "printedName": "Decodable",
            "usr": "s:Se",
            "mangledName": "$sSe"
          },
          {
            "kind": "Conformance",
            "name": "Encodable",
            "printedName": "Encodable",
            "usr": "s:SE",
            "mangledName": "$sSE"
          },
          {
            "kind": "Conformance",
            "name": "Equatable",
            "printedName": "Equatable",
            "usr": "s:SQ",
            "mangledName": "$sSQ"
          },
          {
            "kind": "Conformance",
            "name": "CustomStringConvertible",
            "printedName": "CustomStringConvertible",
            "usr": "s:s23CustomStringConvertibleP",
            "mangledName": "$ss23CustomStringConvertibleP"
          },
          {
            "kind": "Conformance",
            "name": "CustomDebugStringConvertible",
            "printedName": "CustomDebugStringConvertible",
            "usr": "s:s28CustomDebugStringConvertibleP",
            "mangledName": "$ss28CustomDebugStringConvertibleP"
          },
          {
            "kind": "Conformance",
            "name": "ExpressibleByNilLiteral",
            "printedName": "ExpressibleByNilLiteral",
            "usr": "s:s23ExpressibleByNilLiteralP",
            "mangledName": "$ss23ExpressibleByNilLiteralP"
          },
          {
            "kind": "Conformance",
            "name": "ExpressibleByBooleanLiteral",
            "printedName": "ExpressibleByBooleanLiteral",
            "children": [
              {
                "kind": "TypeWitness",
                "name": "BooleanLiteralType",
                "printedName": "BooleanLiteralType",
                "children": [
                  {
                    "kind": "TypeNominal",
                    "name": "Bool",
                    "printedName": "Swift.Bool",
                    "usr": "s:Sb"
                  }
                ]
              }
            ],
            "usr": "s:s27ExpressibleByBooleanLiteralP",
            "mangledName": "$ss27ExpressibleByBooleanLiteralP"
          },
          {
            "kind": "Conformance",
            "name": "ExpressibleByIntegerLiteral",
            "printedName": "ExpressibleByIntegerLiteral",
            "children": [
              {
                "kind": "TypeWitness",
                "name": "IntegerLiteralType",
                "printedName": "IntegerLiteralType",
                "children": [
                  {
                    "kind": "TypeNominal",
                    "name": "Int",
                    "printedName": "Swift.Int",
                    "usr": "s:Si"
                  }
                ]
              }
            ],
            "usr": "s:s27ExpressibleByIntegerLiteralP",
            "mangledName": "$ss27ExpressibleByIntegerLiteralP"
          },
          {
            "kind": "Conformance",
            "name": "ExpressibleByFloatLiteral",
            "printedName": "ExpressibleByFloatLiteral",
            "children": [
              {
                "kind": "TypeWitness",
                "name": "FloatLiteralType",
                "printedName": "FloatLiteralType",
                "children": [
                  {
                    "kind": "TypeNominal",
                    "name": "Double",
                    "printedName": "Swift.Double",
                    "usr": "s:Sd"
                  }
                ]
              }
            ],
            "usr": "s:s25ExpressibleByFloatLiteralP",
            "mangledName": "$ss25ExpressibleByFloatLiteralP"
          },
          {
            "kind": "Conformance",
            "name": "ExpressibleByStringLiteral",
            "printedName": "ExpressibleByStringLiteral",
            "children": [
              {
                "kind": "TypeWitness",
                "name": "StringLiteralType",
                "printedName": "StringLiteralType",
                "children": [
                  {
                    "kind": "TypeNominal",
                    "name": "String",
                    "printedName": "Swift.String",
                    "usr": "s:SS"
                  }
                ]
              }
            ],
            "usr": "s:s26ExpressibleByStringLiteralP",
            "mangledName": "$ss26ExpressibleByStringLiteralP"
          },
          {
            "kind": "Conformance",
            "name": "ExpressibleByExtendedGraphemeClusterLiteral",
            "printedName": "ExpressibleByExtendedGraphemeClusterLiteral",
            "children": [
              {
                "kind": "TypeWitness",
                "name": "ExtendedGraphemeClusterLiteralType",
                "printedName": "ExtendedGraphemeClusterLiteralType",
                "children": [
                  {
                    "kind": "TypeNominal",
                    "name": "String",
                    "printedName": "Swift.String",
                    "usr": "s:SS"
                  }
                ]
              }
            ],
            "usr": "s:s43ExpressibleByExtendedGraphemeClusterLiteralP",
            "mangledName": "$ss43ExpressibleByExtendedGraphemeClusterLiteralP"
          },
          {
            "kind": "Conformance",
            "name": "ExpressibleByUnicodeScalarLiteral",
            "printedName": "ExpressibleByUnicodeScalarLiteral",
            "children": [
              {
                "kind": "TypeWitness",
                "name": "UnicodeScalarLiteralType",
                "printedName": "UnicodeScalarLiteralType",
                "children": [
                  {
                    "kind": "TypeNominal",
                    "name": "String",
                    "printedName": "Swift.String",
                    "usr": "s:SS"
                  }
                ]
              }
            ],
            "usr": "s:s33ExpressibleByUnicodeScalarLiteralP",
            "mangledName": "$ss33ExpressibleByUnicodeScalarLiteralP"
          },
          {
            "kind": "Conformance",
            "name": "ExpressibleByStringInterpolation",
            "printedName": "ExpressibleByStringInterpolation",
            "children": [
              {
                "kind": "TypeWitness",
                "name": "StringInterpolation",
                "printedName": "StringInterpolation",
                "children": [
                  {
                    "kind": "TypeNominal",
                    "name": "DefaultStringInterpolation",
                    "printedName": "Swift.DefaultStringInterpolation",
                    "usr": "s:s26DefaultStringInterpolationV"
                  }
                ]
              }
            ],
            "usr": "s:s32ExpressibleByStringInterpolationP",
            "mangledName": "$ss32ExpressibleByStringInterpolationP"
          },
          {
            "kind": "Conformance",
            "name": "ExpressibleByArrayLiteral",
            "printedName": "ExpressibleByArrayLiteral",
            "children": [
              {
                "kind": "TypeWitness",
                "name": "ArrayLiteralElement",
                "printedName": "ArrayLiteralElement",
                "children": [
                  {
                    "kind": "TypeNominal",
                    "name": "ProtocolComposition",
                    "printedName": "Any"
                  }
                ]
              }
            ],
            "usr": "s:s25ExpressibleByArrayLiteralP",
            "mangledName": "$ss25ExpressibleByArrayLiteralP"
          },
          {
            "kind": "Conformance",
            "name": "ExpressibleByDictionaryLiteral",
            "printedName": "ExpressibleByDictionaryLiteral",
            "children": [
              {
                "kind": "TypeWitness",
                "name": "Key",
                "printedName": "Key",
                "children": [
                  {
                    "kind": "TypeNominal",
                    "name": "AnyHashable",
                    "printedName": "Swift.AnyHashable",
                    "usr": "s:s11AnyHashableV"
                  }
                ]
              },
              {
                "kind": "TypeWitness",
                "name": "Value",
                "printedName": "Value",
                "children": [
                  {
                    "kind": "TypeNominal",
                    "name": "ProtocolComposition",
                    "printedName": "Any"
                  }
                ]
              }
            ],
            "usr": "s:s30ExpressibleByDictionaryLiteralP",
            "mangledName": "$ss30ExpressibleByDictionaryLiteralP"
          },
          {
            "kind": "Conformance",
            "name": "Hashable",
            "printedName": "Hashable",
            "usr": "s:SH",
            "mangledName": "$sSH"
          }
        ]
      },
      {
        "kind": "Import",
        "name": "OneSignalCore",
        "printedName": "OneSignalCore",
        "declKind": "Import",
        "moduleName": "OneSignalLiveActivities",
        "declAttributes": [
          "RawDocComment"
        ]
      },
      {
        "kind": "Import",
        "name": "OneSignalUser",
        "printedName": "OneSignalUser",
        "declKind": "Import",
        "moduleName": "OneSignalLiveActivities"
      },
      {
        "kind": "Import",
        "name": "OneSignalCore",
        "printedName": "OneSignalCore",
        "declKind": "Import",
        "moduleName": "OneSignalLiveActivities",
        "declAttributes": [
          "RawDocComment"
        ]
      },
      {
        "kind": "Import",
        "name": "OneSignalUser",
        "printedName": "OneSignalUser",
        "declKind": "Import",
        "moduleName": "OneSignalLiveActivities"
      }
    ],
    "json_format_version": 8
  },
  "ConstValues": [
    {
      "filePath": "\/Users\/nanli\/Documents\/GitHub\/OneSignal-iOS-SDK\/iOS_SDK\/OneSignalSDK\/OneSignalLiveActivities\/Source\/Requests\/OSRequestSetStartToken.swift",
      "kind": "StringLiteral",
      "offset": 1465,
      "length": 91,
      "value": "\"(OSRequestSetStartToken) key:\""
    },
    {
      "filePath": "\/Users\/nanli\/Documents\/GitHub\/OneSignal-iOS-SDK\/iOS_SDK\/OneSignalSDK\/OneSignalLiveActivities\/Source\/Requests\/OSRequestSetStartToken.swift",
      "kind": "StringLiteral",
      "offset": 1501,
      "length": 17,
      "value": "\" requestSuccessful:\""
    },
    {
      "filePath": "\/Users\/nanli\/Documents\/GitHub\/OneSignal-iOS-SDK\/iOS_SDK\/OneSignalSDK\/OneSignalLiveActivities\/Source\/Requests\/OSRequestSetStartToken.swift",
      "kind": "StringLiteral",
      "offset": 1540,
      "length": 5,
      "value": "\" token:\""
    },
    {
      "filePath": "\/Users\/nanli\/Documents\/GitHub\/OneSignal-iOS-SDK\/iOS_SDK\/OneSignalSDK\/OneSignalLiveActivities\/Source\/Requests\/OSRequestSetStartToken.swift",
      "kind": "StringLiteral",
      "offset": 1555,
      "length": 3,
      "value": "\"\""
    },
    {
      "filePath": "\/Users\/nanli\/Documents\/GitHub\/OneSignal-iOS-SDK\/iOS_SDK\/OneSignalSDK\/OneSignalLiveActivities\/Source\/Requests\/OSRequestSetStartToken.swift",
      "kind": "BooleanLiteral",
      "offset": 1677,
      "length": 5,
      "value": "false"
    },
    {
      "filePath": "\/Users\/nanli\/Documents\/GitHub\/OneSignal-iOS-SDK\/iOS_SDK\/OneSignalSDK\/OneSignalLiveActivities\/Source\/Executors\/OSLiveActivitiesExecutor.swift",
      "kind": "IntegerLiteral",
      "offset": 4277,
      "length": 2,
      "value": "60"
    },
    {
      "filePath": "\/Users\/nanli\/Documents\/GitHub\/OneSignal-iOS-SDK\/iOS_SDK\/OneSignalSDK\/OneSignalLiveActivities\/Source\/Executors\/OSLiveActivitiesExecutor.swift",
      "kind": "IntegerLiteral",
      "offset": 4282,
      "length": 2,
      "value": "60"
    },
    {
      "filePath": "\/Users\/nanli\/Documents\/GitHub\/OneSignal-iOS-SDK\/iOS_SDK\/OneSignalSDK\/OneSignalLiveActivities\/Source\/Executors\/OSLiveActivitiesExecutor.swift",
      "kind": "IntegerLiteral",
      "offset": 4287,
      "length": 2,
      "value": "24"
    },
    {
      "filePath": "\/Users\/nanli\/Documents\/GitHub\/OneSignal-iOS-SDK\/iOS_SDK\/OneSignalSDK\/OneSignalLiveActivities\/Source\/Executors\/OSLiveActivitiesExecutor.swift",
      "kind": "IntegerLiteral",
      "offset": 4292,
      "length": 3,
      "value": "365"
    },
    {
      "filePath": "\/Users\/nanli\/Documents\/GitHub\/OneSignal-iOS-SDK\/iOS_SDK\/OneSignalSDK\/OneSignalLiveActivities\/Source\/Executors\/OSLiveActivitiesExecutor.swift",
      "kind": "IntegerLiteral",
      "offset": 4581,
      "length": 2,
      "value": "60"
    },
    {
      "filePath": "\/Users\/nanli\/Documents\/GitHub\/OneSignal-iOS-SDK\/iOS_SDK\/OneSignalSDK\/OneSignalLiveActivities\/Source\/Executors\/OSLiveActivitiesExecutor.swift",
      "kind": "IntegerLiteral",
      "offset": 4586,
      "length": 2,
      "value": "60"
    },
    {
      "filePath": "\/Users\/nanli\/Documents\/GitHub\/OneSignal-iOS-SDK\/iOS_SDK\/OneSignalSDK\/OneSignalLiveActivities\/Source\/Executors\/OSLiveActivitiesExecutor.swift",
      "kind": "IntegerLiteral",
      "offset": 4591,
      "length": 2,
      "value": "24"
    },
    {
      "filePath": "\/Users\/nanli\/Documents\/GitHub\/OneSignal-iOS-SDK\/iOS_SDK\/OneSignalSDK\/OneSignalLiveActivities\/Source\/Executors\/OSLiveActivitiesExecutor.swift",
      "kind": "IntegerLiteral",
      "offset": 4596,
      "length": 3,
      "value": "365"
    },
    {
      "filePath": "\/Users\/nanli\/Documents\/GitHub\/OneSignal-iOS-SDK\/iOS_SDK\/OneSignalSDK\/OneSignalLiveActivities\/Source\/Executors\/OSLiveActivitiesExecutor.swift",
      "kind": "IntegerLiteral",
      "offset": 5259,
      "length": 2,
      "value": "30"
    },
    {
      "filePath": "\/Users\/nanli\/Documents\/GitHub\/OneSignal-iOS-SDK\/iOS_SDK\/OneSignalSDK\/OneSignalLiveActivities\/Source\/Requests\/OSRequestRemoveUpdateToken.swift",
      "kind": "StringLiteral",
      "offset": 1423,
      "length": 80,
      "value": "\"(OSRequestRemoveUpdateToken) key:\""
    },
    {
      "filePath": "\/Users\/nanli\/Documents\/GitHub\/OneSignal-iOS-SDK\/iOS_SDK\/OneSignalSDK\/OneSignalLiveActivities\/Source\/Requests\/OSRequestRemoveUpdateToken.swift",
      "kind": "StringLiteral",
      "offset": 1463,
      "length": 17,
      "value": "\" requestSuccessful:\""
    },
    {
      "filePath": "\/Users\/nanli\/Documents\/GitHub\/OneSignal-iOS-SDK\/iOS_SDK\/OneSignalSDK\/OneSignalLiveActivities\/Source\/Requests\/OSRequestRemoveUpdateToken.swift",
      "kind": "StringLiteral",
      "offset": 1502,
      "length": 3,
      "value": "\"\""
    },
    {
      "filePath": "\/Users\/nanli\/Documents\/GitHub\/OneSignal-iOS-SDK\/iOS_SDK\/OneSignalSDK\/OneSignalLiveActivities\/Source\/Requests\/OSRequestRemoveUpdateToken.swift",
      "kind": "BooleanLiteral",
      "offset": 1602,
      "length": 4,
      "value": "true"
    },
    {
      "filePath": "\/Users\/nanli\/Documents\/GitHub\/OneSignal-iOS-SDK\/iOS_SDK\/OneSignalSDK\/OneSignalLiveActivities\/Source\/Requests\/OSRequestRemoveStartToken.swift",
      "kind": "StringLiteral",
      "offset": 1421,
      "length": 79,
      "value": "\"(OSRequestRemoveStartToken) key:\""
    },
    {
      "filePath": "\/Users\/nanli\/Documents\/GitHub\/OneSignal-iOS-SDK\/iOS_SDK\/OneSignalSDK\/OneSignalLiveActivities\/Source\/Requests\/OSRequestRemoveStartToken.swift",
      "kind": "StringLiteral",
      "offset": 1460,
      "length": 17,
      "value": "\" requestSuccessful:\""
    },
    {
      "filePath": "\/Users\/nanli\/Documents\/GitHub\/OneSignal-iOS-SDK\/iOS_SDK\/OneSignalSDK\/OneSignalLiveActivities\/Source\/Requests\/OSRequestRemoveStartToken.swift",
      "kind": "StringLiteral",
      "offset": 1499,
      "length": 3,
      "value": "\"\""
    },
    {
      "filePath": "\/Users\/nanli\/Documents\/GitHub\/OneSignal-iOS-SDK\/iOS_SDK\/OneSignalSDK\/OneSignalLiveActivities\/Source\/Requests\/OSRequestRemoveStartToken.swift",
      "kind": "BooleanLiteral",
      "offset": 1599,
      "length": 4,
      "value": "true"
    },
    {
      "filePath": "\/Users\/nanli\/Documents\/GitHub\/OneSignal-iOS-SDK\/iOS_SDK\/OneSignalSDK\/OneSignalLiveActivities\/Source\/Requests\/OSRequestSetUpdateToken.swift",
      "kind": "StringLiteral",
      "offset": 1420,
      "length": 92,
      "value": "\"(OSRequestSetUpdateToken) key:\""
    },
    {
      "filePath": "\/Users\/nanli\/Documents\/GitHub\/OneSignal-iOS-SDK\/iOS_SDK\/OneSignalSDK\/OneSignalLiveActivities\/Source\/Requests\/OSRequestSetUpdateToken.swift",
      "kind": "StringLiteral",
      "offset": 1457,
      "length": 17,
      "value": "\" requestSuccessful:\""
    },
    {
      "filePath": "\/Users\/nanli\/Documents\/GitHub\/OneSignal-iOS-SDK\/iOS_SDK\/OneSignalSDK\/OneSignalLiveActivities\/Source\/Requests\/OSRequestSetUpdateToken.swift",
      "kind": "StringLiteral",
      "offset": 1496,
      "length": 5,
      "value": "\" token:\""
    },
    {
      "filePath": "\/Users\/nanli\/Documents\/GitHub\/OneSignal-iOS-SDK\/iOS_SDK\/OneSignalSDK\/OneSignalLiveActivities\/Source\/Requests\/OSRequestSetUpdateToken.swift",
      "kind": "StringLiteral",
      "offset": 1511,
      "length": 3,
      "value": "\"\""
    },
    {
      "filePath": "\/Users\/nanli\/Documents\/GitHub\/OneSignal-iOS-SDK\/iOS_SDK\/OneSignalSDK\/OneSignalLiveActivities\/Source\/Requests\/OSRequestSetUpdateToken.swift",
      "kind": "BooleanLiteral",
      "offset": 1633,
      "length": 5,
      "value": "false"
    }
  ]
}