{
  "ABIRoot": {
    "kind": "Root",
    "name": "TopLevel",
    "printedName": "TopLevel",
    "children": [
      {
        "kind": "Import",
        "name": "OneSignalCore",
        "printedName": "OneSignalCore",
        "declKind": "Import",
        "moduleName": "OneSignalLiveActivities",
        "declAttributes": [
          "RawDocComment"
        ]
      },
      {
        "kind": "Import",
        "name": "OneSignalUser",
        "printedName": "OneSignalUser",
        "declKind": "Import",
        "moduleName": "OneSignalLiveActivities"
      },
      {
        "kind": "Import",
        "name": "OneSignalCore",
        "printedName": "OneSignalCore",
        "declKind": "Import",
        "moduleName": "OneSignalLiveActivities",
        "declAttributes": [
          "RawDocComment"
        ]
      },
      {
        "kind": "Import",
        "name": "OneSignalOSCore",
        "printedName": "OneSignalOSCore",
        "declKind": "Import",
        "moduleName": "OneSignalLiveActivities"
      },
      {
        "kind": "Import",
        "name": "OneSignalUser",
        "printedName": "OneSignalUser",
        "declKind": "Import",
        "moduleName": "OneSignalLiveActivities"
      },
      {
        "kind": "Import",
        "name": "OneSignalCore",
        "printedName": "OneSignalCore",
        "declKind": "Import",
        "moduleName": "OneSignalLiveActivities",
        "declAttributes": [
          "RawDocComment"
        ]
      },
      {
        "kind": "Import",
        "name": "OneSignalUser",
        "printedName": "OneSignalUser",
        "declKind": "Import",
        "moduleName": "OneSignalLiveActivities"
      },
      {
        "kind": "Import",
        "name": "OneSignalCore",
        "printedName": "OneSignalCore",
        "declKind": "Import",
        "moduleName": "OneSignalLiveActivities",
        "declAttributes": [
          "RawDocComment"
        ]
      },
      {
        "kind": "Import",
        "name": "Foundation",
        "printedName": "Foundation",
        "declKind": "Import",
        "moduleName": "OneSignalLiveActivities",
        "declAttributes": [
          "RawDocComment"
        ]
      },
      {
        "kind": "TypeDecl",
        "name": "AnyCodable",
        "printedName": "AnyCodable",
        "children": [
          {
            "kind": "Var",
            "name": "value",
            "printedName": "value",
            "children": [
              {
                "kind": "TypeNominal",
                "name": "ProtocolComposition",
                "printedName": "Any"
              }
            ],
            "declKind": "Var",
            "usr": "s:23OneSignalLiveActivities10AnyCodableV5valueypvp",
            "mangledName": "$s23OneSignalLiveActivities10AnyCodableV5valueypvp",
            "moduleName": "OneSignalLiveActivities",
            "declAttributes": [
              "HasStorage",
              "AccessControl"
            ],
            "fixedbinaryorder": 0,
            "isLet": true,
            "hasStorage": true,
            "accessors": [
              {
                "kind": "Accessor",
                "name": "Get",
                "printedName": "Get()",
                "children": [
                  {
                    "kind": "TypeNominal",
                    "name": "ProtocolComposition",
                    "printedName": "Any"
                  }
                ],
                "declKind": "Accessor",
                "usr": "s:23OneSignalLiveActivities10AnyCodableV5valueypvg",
                "mangledName": "$s23OneSignalLiveActivities10AnyCodableV5valueypvg",
                "moduleName": "OneSignalLiveActivities",
                "implicit": true,
                "declAttributes": [
                  "Transparent"
                ],
                "accessorKind": "get"
              }
            ]
          },
          {
            "kind": "Function",
            "name": "asBool",
            "printedName": "asBool()",
            "children": [
              {
                "kind": "TypeNominal",
                "name": "Optional",
                "printedName": "Swift.Bool?",
                "children": [
                  {
                    "kind": "TypeNominal",
                    "name": "Bool",
                    "printedName": "Swift.Bool",
                    "usr": "s:Sb"
                  }
                ],
                "usr": "s:Sq"
              }
            ],
            "declKind": "Func",
            "usr": "s:23OneSignalLiveActivities10AnyCodableV6asBoolSbSgyF",
            "mangledName": "$s23OneSignalLiveActivities10AnyCodableV6asBoolSbSgyF",
            "moduleName": "OneSignalLiveActivities",
            "declAttributes": [
              "AccessControl"
            ],
            "funcSelfKind": "NonMutating"
          },
          {
            "kind": "Function",
            "name": "asInt",
            "printedName": "asInt()",
            "children": [
              {
                "kind": "TypeNominal",
                "name": "Optional",
                "printedName": "Swift.Int?",
                "children": [
                  {
                    "kind": "TypeNominal",
                    "name": "Int",
                    "printedName": "Swift.Int",
                    "usr": "s:Si"
                  }
                ],
                "usr": "s:Sq"
              }
            ],
            "declKind": "Func",
            "usr": "s:23OneSignalLiveActivities10AnyCodableV5asIntSiSgyF",
            "mangledName": "$s23OneSignalLiveActivities10AnyCodableV5asIntSiSgyF",
            "moduleName": "OneSignalLiveActivities",
            "declAttributes": [
              "AccessControl"
            ],
            "funcSelfKind": "NonMutating"
          },
          {
            "kind": "Function",
            "name": "asDouble",
            "printedName": "asDouble()",
            "children": [
              {
                "kind": "TypeNominal",
                "name": "Optional",
                "printedName": "Swift.Double?",
                "children": [
                  {
                    "kind": "TypeNominal",
                    "name": "Double",
                    "printedName": "Swift.Double",
                    "usr": "s:Sd"
                  }
                ],
                "usr": "s:Sq"
              }
            ],
            "declKind": "Func",
            "usr": "s:23OneSignalLiveActivities10AnyCodableV8asDoubleSdSgyF",
            "mangledName": "$s23OneSignalLiveActivities10AnyCodableV8asDoubleSdSgyF",
            "moduleName": "OneSignalLiveActivities",
            "declAttributes": [
              "AccessControl"
            ],
            "funcSelfKind": "NonMutating"
          },
          {
            "kind": "Function",
            "name": "asString",
            "printedName": "asString()",
            "children": [
              {
                "kind": "TypeNominal",
                "name": "Optional",
                "printedName": "Swift.String?",
                "children": [
                  {
                    "kind": "TypeNominal",
                    "name": "String",
                    "printedName": "Swift.String",
                    "usr": "s:SS"
                  }
                ],
                "usr": "s:Sq"
              }
            ],
            "declKind": "Func",
            "usr": "s:23OneSignalLiveActivities10AnyCodableV8asStringSSSgyF",
            "mangledName": "$s23OneSignalLiveActivities10AnyCodableV8asStringSSSgyF",
            "moduleName": "OneSignalLiveActivities",
            "declAttributes": [
              "AccessControl"
            ],
            "funcSelfKind": "NonMutating"
          },
          {
            "kind": "Function",
            "name": "asArray",
            "printedName": "asArray()",
            "children": [
              {
                "kind": "TypeNominal",
                "name": "Optional",
                "printedName": "[OneSignalLiveActivities.AnyCodable]?",
                "children": [
                  {
                    "kind": "TypeNominal",
                    "name": "Array",
                    "printedName": "[OneSignalLiveActivities.AnyCodable]",
                    "children": [
                      {
                        "kind": "TypeNominal",
                        "name": "AnyCodable",
                        "printedName": "OneSignalLiveActivities.AnyCodable",
                        "usr": "s:23OneSignalLiveActivities10AnyCodableV"
                      }
                    ],
                    "usr": "s:Sa"
                  }
                ],
                "usr": "s:Sq"
              }
            ],
            "declKind": "Func",
            "usr": "s:23OneSignalLiveActivities10AnyCodableV7asArraySayACGSgyF",
            "mangledName": "$s23OneSignalLiveActivities10AnyCodableV7asArraySayACGSgyF",
            "moduleName": "OneSignalLiveActivities",
            "declAttributes": [
              "AccessControl"
            ],
            "funcSelfKind": "NonMutating"
          },
          {
            "kind": "Function",
            "name": "asDict",
            "printedName": "asDict()",
            "children": [
              {
                "kind": "TypeNominal",
                "name": "Optional",
                "printedName": "[Swift.String : OneSignalLiveActivities.AnyCodable]?",
                "children": [
                  {
                    "kind": "TypeNominal",
                    "name": "Dictionary",
                    "printedName": "[Swift.String : OneSignalLiveActivities.AnyCodable]",
                    "children": [
                      {
                        "kind": "TypeNominal",
                        "name": "String",
                        "printedName": "Swift.String",
                        "usr": "s:SS"
                      },
                      {
                        "kind": "TypeNominal",
                        "name": "AnyCodable",
                        "printedName": "OneSignalLiveActivities.AnyCodable",
                        "usr": "s:23OneSignalLiveActivities10AnyCodableV"
                      }
                    ],
                    "usr": "s:SD"
                  }
                ],
                "usr": "s:Sq"
              }
            ],
            "declKind": "Func",
            "usr": "s:23OneSignalLiveActivities10AnyCodableV6asDictSDySSACGSgyF",
            "mangledName": "$s23OneSignalLiveActivities10AnyCodableV6asDictSDySSACGSgyF",
            "moduleName": "OneSignalLiveActivities",
            "declAttributes": [
              "AccessControl"
            ],
            "funcSelfKind": "NonMutating"
          },
          {
            "kind": "Constructor",
            "name": "init",
            "printedName": "init(_:)",
            "children": [
              {
                "kind": "TypeNominal",
                "name": "AnyCodable",
                "printedName": "OneSignalLiveActivities.AnyCodable",
                "usr": "s:23OneSignalLiveActivities10AnyCodableV"
              },
              {
                "kind": "TypeNominal",
                "name": "Optional",
                "printedName": "τ_0_0?",
                "children": [
                  {
                    "kind": "TypeNominal",
                    "name": "GenericTypeParam",
                    "printedName": "τ_0_0"
                  }
                ],
                "usr": "s:Sq"
              }
            ],
            "declKind": "Constructor",
            "usr": "s:23OneSignalLiveActivities10AnyCodableVyACxSgclufc",
            "mangledName": "$s23OneSignalLiveActivities10AnyCodableVyACxSgclufc",
            "moduleName": "OneSignalLiveActivities",
            "genericSig": "<τ_0_0>",
            "sugared_genericSig": "<T>",
            "declAttributes": [
              "AccessControl"
            ],
            "init_kind": "Designated"
          },
          {
            "kind": "Constructor",
            "name": "init",
            "printedName": "init(nilLiteral:)",
            "children": [
              {
                "kind": "TypeNominal",
                "name": "AnyCodable",
                "printedName": "OneSignalLiveActivities.AnyCodable",
                "usr": "s:23OneSignalLiveActivities10AnyCodableV"
              },
              {
                "kind": "TypeNominal",
                "name": "Void",
                "printedName": "()"
              }
            ],
            "declKind": "Constructor",
            "usr": "s:23OneSignalLiveActivities10AnyCodableV10nilLiteralACyt_tcfc",
            "mangledName": "$s23OneSignalLiveActivities10AnyCodableV10nilLiteralACyt_tcfc",
            "moduleName": "OneSignalLiveActivities",
            "declAttributes": [
              "AccessControl"
            ],
            "init_kind": "Designated"
          },
          {
            "kind": "Constructor",
            "name": "init",
            "printedName": "init(booleanLiteral:)",
            "children": [
              {
                "kind": "TypeNominal",
                "name": "AnyCodable",
                "printedName": "OneSignalLiveActivities.AnyCodable",
                "usr": "s:23OneSignalLiveActivities10AnyCodableV"
              },
              {
                "kind": "TypeNominal",
                "name": "Bool",
                "printedName": "Swift.Bool",
                "usr": "s:Sb"
              }
            ],
            "declKind": "Constructor",
            "usr": "s:23OneSignalLiveActivities10AnyCodableV14booleanLiteralACSb_tcfc",
            "mangledName": "$s23OneSignalLiveActivities10AnyCodableV14booleanLiteralACSb_tcfc",
            "moduleName": "OneSignalLiveActivities",
            "declAttributes": [
              "AccessControl"
            ],
            "init_kind": "Designated"
          },
          {
            "kind": "Constructor",
            "name": "init",
            "printedName": "init(integerLiteral:)",
            "children": [
              {
                "kind": "TypeNominal",
                "name": "AnyCodable",
                "printedName": "OneSignalLiveActivities.AnyCodable",
                "usr": "s:23OneSignalLiveActivities10AnyCodableV"
              },
              {
                "kind": "TypeNominal",
                "name": "Int",
                "printedName": "Swift.Int",
                "usr": "s:Si"
              }
            ],
            "declKind": "Constructor",
            "usr": "s:23OneSignalLiveActivities10AnyCodableV14integerLiteralACSi_tcfc",
            "mangledName": "$s23OneSignalLiveActivities10AnyCodableV14integerLiteralACSi_tcfc",
            "moduleName": "OneSignalLiveActivities",
            "declAttributes": [
              "AccessControl"
            ],
            "init_kind": "Designated"
          },
          {
            "kind": "Constructor",
            "name": "init",
            "printedName": "init(floatLiteral:)",
            "children": [
              {
                "kind": "TypeNominal",
                "name": "AnyCodable",
                "printedName": "OneSignalLiveActivities.AnyCodable",
                "usr": "s:23OneSignalLiveActivities10AnyCodableV"
              },
              {
                "kind": "TypeNominal",
                "name": "Double",
                "printedName": "Swift.Double",
                "usr": "s:Sd"
              }
            ],
            "declKind": "Constructor",
            "usr": "s:23OneSignalLiveActivities10AnyCodableV12floatLiteralACSd_tcfc",
            "mangledName": "$s23OneSignalLiveActivities10AnyCodableV12floatLiteralACSd_tcfc",
            "moduleName": "OneSignalLiveActivities",
            "declAttributes": [
              "AccessControl"
            ],
            "init_kind": "Designated"
          },
          {
            "kind": "Constructor",
            "name": "init",
            "printedName": "init(extendedGraphemeClusterLiteral:)",
            "children": [
              {
                "kind": "TypeNominal",
                "name": "AnyCodable",
                "printedName": "OneSignalLiveActivities.AnyCodable",
                "usr": "s:23OneSignalLiveActivities10AnyCodableV"
              },
              {
                "kind": "TypeNominal",
                "name": "String",
                "printedName": "Swift.String",
                "usr": "s:SS"
              }
            ],
            "declKind": "Constructor",
            "usr": "s:23OneSignalLiveActivities10AnyCodableV30extendedGraphemeClusterLiteralACSS_tcfc",
            "mangledName": "$s23OneSignalLiveActivities10AnyCodableV30extendedGraphemeClusterLiteralACSS_tcfc",
            "moduleName": "OneSignalLiveActivities",
            "declAttributes": [
              "AccessControl"
            ],
            "init_kind": "Designated"
          },
          {
            "kind": "Constructor",
            "name": "init",
            "printedName": "init(stringLiteral:)",
            "children": [
              {
                "kind": "TypeNominal",
                "name": "AnyCodable",
                "printedName": "OneSignalLiveActivities.AnyCodable",
                "usr": "s:23OneSignalLiveActivities10AnyCodableV"
              },
              {
                "kind": "TypeNominal",
                "name": "String",
                "printedName": "Swift.String",
                "usr": "s:SS"
              }
            ],
            "declKind": "Constructor",
            "usr": "s:23OneSignalLiveActivities10AnyCodableV13stringLiteralACSS_tcfc",
            "mangledName": "$s23OneSignalLiveActivities10AnyCodableV13stringLiteralACSS_tcfc",
            "moduleName": "OneSignalLiveActivities",
            "declAttributes": [
              "AccessControl"
            ],
            "init_kind": "Designated"
          },
          {
            "kind": "Constructor",
            "name": "init",
            "printedName": "init(arrayLiteral:)",
            "children": [
              {
                "kind": "TypeNominal",
                "name": "AnyCodable",
                "printedName": "OneSignalLiveActivities.AnyCodable",
                "usr": "s:23OneSignalLiveActivities10AnyCodableV"
              },
              {
                "kind": "TypeNominal",
                "name": "Array",
                "printedName": "[Any]",
                "children": [
                  {
                    "kind": "TypeNominal",
                    "name": "ProtocolComposition",
                    "printedName": "Any"
                  }
                ],
                "usr": "s:Sa"
              }
            ],
            "declKind": "Constructor",
            "usr": "s:23OneSignalLiveActivities10AnyCodableV12arrayLiteralACypd_tcfc",
            "mangledName": "$s23OneSignalLiveActivities10AnyCodableV12arrayLiteralACypd_tcfc",
            "moduleName": "OneSignalLiveActivities",
            "declAttributes": [
              "AccessControl"
            ],
            "init_kind": "Designated"
          },
          {
            "kind": "Constructor",
            "name": "init",
            "printedName": "init(dictionaryLiteral:)",
            "children": [
              {
                "kind": "TypeNominal",
                "name": "AnyCodable",
                "printedName": "OneSignalLiveActivities.AnyCodable",
                "usr": "s:23OneSignalLiveActivities10AnyCodableV"
              },
              {
                "kind": "TypeNominal",
                "name": "Array",
                "printedName": "[(Swift.AnyHashable, Any)]",
                "children": [
                  {
                    "kind": "TypeNominal",
                    "name": "Tuple",
                    "printedName": "(Swift.AnyHashable, Any)",
                    "children": [
                      {
                        "kind": "TypeNominal",
                        "name": "AnyHashable",
                        "printedName": "Swift.AnyHashable",
                        "usr": "s:s11AnyHashableV"
                      },
                      {
                        "kind": "TypeNominal",
                        "name": "ProtocolComposition",
                        "printedName": "Any"
                      }
                    ]
                  }
                ],
                "usr": "s:Sa"
              }
            ],
            "declKind": "Constructor",
            "usr": "s:23OneSignalLiveActivities10AnyCodableV17dictionaryLiteralACs0E8HashableV_yptd_tcfc",
            "mangledName": "$s23OneSignalLiveActivities10AnyCodableV17dictionaryLiteralACs0E8HashableV_yptd_tcfc",
            "moduleName": "OneSignalLiveActivities",
            "declAttributes": [
              "AccessControl"
            ],
            "init_kind": "Designated"
          },
          {
            "kind": "Constructor",
            "name": "init",
            "printedName": "init(from:)",
            "children": [
              {
                "kind": "TypeNominal",
                "name": "AnyCodable",
                "printedName": "OneSignalLiveActivities.AnyCodable",
                "usr": "s:23OneSignalLiveActivities10AnyCodableV"
              },
              {
                "kind": "TypeNominal",
                "name": "Decoder",
                "printedName": "Swift.Decoder",
                "usr": "s:s7DecoderP"
              }
            ],
            "declKind": "Constructor",
            "usr": "s:23OneSignalLiveActivities10AnyCodableV4fromACs7Decoder_p_tKcfc",
            "mangledName": "$s23OneSignalLiveActivities10AnyCodableV4fromACs7Decoder_p_tKcfc",
            "moduleName": "OneSignalLiveActivities",
            "declAttributes": [
              "AccessControl"
            ],
            "throwing": true,
            "init_kind": "Designated"
          },
          {
            "kind": "Function",
            "name": "encode",
            "printedName": "encode(to:)",
            "children": [
              {
                "kind": "TypeNominal",
                "name": "Void",
                "printedName": "()"
              },
              {
                "kind": "TypeNominal",
                "name": "Encoder",
                "printedName": "Swift.Encoder",
                "usr": "s:s7EncoderP"
              }
            ],
            "declKind": "Func",
            "usr": "s:23OneSignalLiveActivities10AnyCodableV6encode2toys7Encoder_p_tKF",
            "mangledName": "$s23OneSignalLiveActivities10AnyCodableV6encode2toys7Encoder_p_tKF",
            "moduleName": "OneSignalLiveActivities",
            "declAttributes": [
              "AccessControl",
              "RawDocComment"
            ],
            "throwing": true,
            "funcSelfKind": "NonMutating"
          },
          {
            "kind": "Function",
            "name": "==",
            "printedName": "==(_:_:)",
            "children": [
              {
                "kind": "TypeNominal",
                "name": "Bool",
                "printedName": "Swift.Bool",
                "usr": "s:Sb"
              },
              {
                "kind": "TypeNominal",
                "name": "AnyCodable",
                "printedName": "OneSignalLiveActivities.AnyCodable",
                "usr": "s:23OneSignalLiveActivities10AnyCodableV"
              },
              {
                "kind": "TypeNominal",
                "name": "AnyCodable",
                "printedName": "OneSignalLiveActivities.AnyCodable",
                "usr": "s:23OneSignalLiveActivities10AnyCodableV"
              }
            ],
            "declKind": "Func",
            "usr": "s:23OneSignalLiveActivities10AnyCodableV2eeoiySbAC_ACtFZ",
            "mangledName": "$s23OneSignalLiveActivities10AnyCodableV2eeoiySbAC_ACtFZ",
            "moduleName": "OneSignalLiveActivities",
            "static": true,
            "declAttributes": [
              "AccessControl"
            ],
            "isFromExtension": true,
            "funcSelfKind": "NonMutating"
          },
          {
            "kind": "Var",
            "name": "description",
            "printedName": "description",
            "children": [
              {
                "kind": "TypeNominal",
                "name": "String",
                "printedName": "Swift.String",
                "usr": "s:SS"
              }
            ],
            "declKind": "Var",
            "usr": "s:23OneSignalLiveActivities10AnyCodableV11descriptionSSvp",
            "mangledName": "$s23OneSignalLiveActivities10AnyCodableV11descriptionSSvp",
            "moduleName": "OneSignalLiveActivities",
            "declAttributes": [
              "AccessControl"
            ],
            "isFromExtension": true,
            "accessors": [
              {
                "kind": "Accessor",
                "name": "Get",
                "printedName": "Get()",
                "children": [
                  {
                    "kind": "TypeNominal",
                    "name": "String",
                    "printedName": "Swift.String",
                    "usr": "s:SS"
                  }
                ],
                "declKind": "Accessor",
                "usr": "s:23OneSignalLiveActivities10AnyCodableV11descriptionSSvg",
                "mangledName": "$s23OneSignalLiveActivities10AnyCodableV11descriptionSSvg",
                "moduleName": "OneSignalLiveActivities",
                "isFromExtension": true,
                "accessorKind": "get"
              }
            ]
          },
          {
            "kind": "Var",
            "name": "debugDescription",
            "printedName": "debugDescription",
            "children": [
              {
                "kind": "TypeNominal",
                "name": "String",
                "printedName": "Swift.String",
                "usr": "s:SS"
              }
            ],
            "declKind": "Var",
            "usr": "s:23OneSignalLiveActivities10AnyCodableV16debugDescriptionSSvp",
            "mangledName": "$s23OneSignalLiveActivities10AnyCodableV16debugDescriptionSSvp",
            "moduleName": "OneSignalLiveActivities",
            "declAttributes": [
              "AccessControl"
            ],
            "isFromExtension": true,
            "accessors": [
              {
                "kind": "Accessor",
                "name": "Get",
                "printedName": "Get()",
                "children": [
                  {
                    "kind": "TypeNominal",
                    "name": "String",
                    "printedName": "Swift.String",
                    "usr": "s:SS"
                  }
                ],
                "declKind": "Accessor",
                "usr": "s:23OneSignalLiveActivities10AnyCodableV16debugDescriptionSSvg",
                "mangledName": "$s23OneSignalLiveActivities10AnyCodableV16debugDescriptionSSvg",
                "moduleName": "OneSignalLiveActivities",
                "isFromExtension": true,
                "accessorKind": "get"
              }
            ]
          },
          {
            "kind": "Function",
            "name": "hash",
            "printedName": "hash(into:)",
            "children": [
              {
                "kind": "TypeNominal",
                "name": "Void",
                "printedName": "()"
              },
              {
                "kind": "TypeNominal",
                "name": "Hasher",
                "printedName": "Swift.Hasher",
                "paramValueOwnership": "InOut",
                "usr": "s:s6HasherV"
              }
            ],
            "declKind": "Func",
            "usr": "s:23OneSignalLiveActivities10AnyCodableV4hash4intoys6HasherVz_tF",
            "mangledName": "$s23OneSignalLiveActivities10AnyCodableV4hash4intoys6HasherVz_tF",
            "moduleName": "OneSignalLiveActivities",
            "declAttributes": [
              "AccessControl"
            ],
            "isFromExtension": true,
            "funcSelfKind": "NonMutating"
          },
          {
            "kind": "Var",
            "name": "hashValue",
            "printedName": "hashValue",
            "children": [
              {
                "kind": "TypeNominal",
                "name": "Int",
                "printedName": "Swift.Int",
                "usr": "s:Si"
              }
            ],
            "declKind": "Var",
            "usr": "s:23OneSignalLiveActivities10AnyCodableV9hashValueSivp",
            "mangledName": "$s23OneSignalLiveActivities10AnyCodableV9hashValueSivp",
            "moduleName": "OneSignalLiveActivities",
            "implicit": true,
            "isFromExtension": true,
            "accessors": [
              {
                "kind": "Accessor",
                "name": "Get",
                "printedName": "Get()",
                "children": [
                  {
                    "kind": "TypeNominal",
                    "name": "Int",
                    "printedName": "Swift.Int",
                    "usr": "s:Si"
                  }
                ],
                "declKind": "Accessor",
                "usr": "s:23OneSignalLiveActivities10AnyCodableV9hashValueSivg",
                "mangledName": "$s23OneSignalLiveActivities10AnyCodableV9hashValueSivg",
                "moduleName": "OneSignalLiveActivities",
                "implicit": true,
                "isFromExtension": true,
                "accessorKind": "get"
              }
            ]
          }
        ],
        "declKind": "Struct",
        "usr": "s:23OneSignalLiveActivities10AnyCodableV",
        "mangledName": "$s23OneSignalLiveActivities10AnyCodableV",
        "moduleName": "OneSignalLiveActivities",
        "declAttributes": [
          "AccessControl",
          "Frozen",
          "RawDocComment"
        ],
        "conformances": [
          {
            "kind": "Conformance",
            "name": "Decodable",
            "printedName": "Decodable",
            "usr": "s:Se",
            "mangledName": "$sSe"
          },
          {
            "kind": "Conformance",
            "name": "Encodable",
            "printedName": "Encodable",
            "usr": "s:SE",
            "mangledName": "$sSE"
          },
          {
            "kind": "Conformance",
            "name": "Equatable",
            "printedName": "Equatable",
            "usr": "s:SQ",
            "mangledName": "$sSQ"
          },
          {
            "kind": "Conformance",
            "name": "CustomStringConvertible",
            "printedName": "CustomStringConvertible",
            "usr": "s:s23CustomStringConvertibleP",
            "mangledName": "$ss23CustomStringConvertibleP"
          },
          {
            "kind": "Conformance",
            "name": "CustomDebugStringConvertible",
            "printedName": "CustomDebugStringConvertible",
            "usr": "s:s28CustomDebugStringConvertibleP",
            "mangledName": "$ss28CustomDebugStringConvertibleP"
          },
          {
            "kind": "Conformance",
            "name": "ExpressibleByNilLiteral",
            "printedName": "ExpressibleByNilLiteral",
            "usr": "s:s23ExpressibleByNilLiteralP",
            "mangledName": "$ss23ExpressibleByNilLiteralP"
          },
          {
            "kind": "Conformance",
            "name": "ExpressibleByBooleanLiteral",
            "printedName": "ExpressibleByBooleanLiteral",
            "children": [
              {
                "kind": "TypeWitness",
                "name": "BooleanLiteralType",
                "printedName": "BooleanLiteralType",
                "children": [
                  {
                    "kind": "TypeNominal",
                    "name": "Bool",
                    "printedName": "Swift.Bool",
                    "usr": "s:Sb"
                  }
                ]
              }
            ],
            "usr": "s:s27ExpressibleByBooleanLiteralP",
            "mangledName": "$ss27ExpressibleByBooleanLiteralP"
          },
          {
            "kind": "Conformance",
            "name": "ExpressibleByIntegerLiteral",
            "printedName": "ExpressibleByIntegerLiteral",
            "children": [
              {
                "kind": "TypeWitness",
                "name": "IntegerLiteralType",
                "printedName": "IntegerLiteralType",
                "children": [
                  {
                    "kind": "TypeNominal",
                    "name": "Int",
                    "printedName": "Swift.Int",
                    "usr": "s:Si"
                  }
                ]
              }
            ],
            "usr": "s:s27ExpressibleByIntegerLiteralP",
            "mangledName": "$ss27ExpressibleByIntegerLiteralP"
          },
          {
            "kind": "Conformance",
            "name": "ExpressibleByFloatLiteral",
            "printedName": "ExpressibleByFloatLiteral",
            "children": [
              {
                "kind": "TypeWitness",
                "name": "FloatLiteralType",
                "printedName": "FloatLiteralType",
                "children": [
                  {
                    "kind": "TypeNominal",
                    "name": "Double",
                    "printedName": "Swift.Double",
                    "usr": "s:Sd"
                  }
                ]
              }
            ],
            "usr": "s:s25ExpressibleByFloatLiteralP",
            "mangledName": "$ss25ExpressibleByFloatLiteralP"
          },
          {
            "kind": "Conformance",
            "name": "ExpressibleByStringLiteral",
            "printedName": "ExpressibleByStringLiteral",
            "children": [
              {
                "kind": "TypeWitness",
                "name": "StringLiteralType",
                "printedName": "StringLiteralType",
                "children": [
                  {
                    "kind": "TypeNominal",
                    "name": "String",
                    "printedName": "Swift.String",
                    "usr": "s:SS"
                  }
                ]
              }
            ],
            "usr": "s:s26ExpressibleByStringLiteralP",
            "mangledName": "$ss26ExpressibleByStringLiteralP"
          },
          {
            "kind": "Conformance",
            "name": "ExpressibleByExtendedGraphemeClusterLiteral",
            "printedName": "ExpressibleByExtendedGraphemeClusterLiteral",
            "children": [
              {
                "kind": "TypeWitness",
                "name": "ExtendedGraphemeClusterLiteralType",
                "printedName": "ExtendedGraphemeClusterLiteralType",
                "children": [
                  {
                    "kind": "TypeNominal",
                    "name": "String",
                    "printedName": "Swift.String",
                    "usr": "s:SS"
                  }
                ]
              }
            ],
            "usr": "s:s43ExpressibleByExtendedGraphemeClusterLiteralP",
            "mangledName": "$ss43ExpressibleByExtendedGraphemeClusterLiteralP"
          },
          {
            "kind": "Conformance",
            "name": "ExpressibleByUnicodeScalarLiteral",
            "printedName": "ExpressibleByUnicodeScalarLiteral",
            "children": [
              {
                "kind": "TypeWitness",
                "name": "UnicodeScalarLiteralType",
                "printedName": "UnicodeScalarLiteralType",
                "children": [
                  {
                    "kind": "TypeNominal",
                    "name": "String",
                    "printedName": "Swift.String",
                    "usr": "s:SS"
                  }
                ]
              }
            ],
            "usr": "s:s33ExpressibleByUnicodeScalarLiteralP",
            "mangledName": "$ss33ExpressibleByUnicodeScalarLiteralP"
          },
          {
            "kind": "Conformance",
            "name": "ExpressibleByStringInterpolation",
            "printedName": "ExpressibleByStringInterpolation",
            "children": [
              {
                "kind": "TypeWitness",
                "name": "StringInterpolation",
                "printedName": "StringInterpolation",
                "children": [
                  {
                    "kind": "TypeNominal",
                    "name": "DefaultStringInterpolation",
                    "printedName": "Swift.DefaultStringInterpolation",
                    "usr": "s:s26DefaultStringInterpolationV"
                  }
                ]
              }
            ],
            "usr": "s:s32ExpressibleByStringInterpolationP",
            "mangledName": "$ss32ExpressibleByStringInterpolationP"
          },
          {
            "kind": "Conformance",
            "name": "ExpressibleByArrayLiteral",
            "printedName": "ExpressibleByArrayLiteral",
            "children": [
              {
                "kind": "TypeWitness",
                "name": "ArrayLiteralElement",
                "printedName": "ArrayLiteralElement",
                "children": [
                  {
                    "kind": "TypeNominal",
                    "name": "ProtocolComposition",
                    "printedName": "Any"
                  }
                ]
              }
            ],
            "usr": "s:s25ExpressibleByArrayLiteralP",
            "mangledName": "$ss25ExpressibleByArrayLiteralP"
          },
          {
            "kind": "Conformance",
            "name": "ExpressibleByDictionaryLiteral",
            "printedName": "ExpressibleByDictionaryLiteral",
            "children": [
              {
                "kind": "TypeWitness",
                "name": "Key",
                "printedName": "Key",
                "children": [
                  {
                    "kind": "TypeNominal",
                    "name": "AnyHashable",
                    "printedName": "Swift.AnyHashable",
                    "usr": "s:s11AnyHashableV"
                  }
                ]
              },
              {
                "kind": "TypeWitness",
                "name": "Value",
                "printedName": "Value",
                "children": [
                  {
                    "kind": "TypeNominal",
                    "name": "ProtocolComposition",
                    "printedName": "Any"
                  }
                ]
              }
            ],
            "usr": "s:s30ExpressibleByDictionaryLiteralP",
            "mangledName": "$ss30ExpressibleByDictionaryLiteralP"
          },
          {
            "kind": "Conformance",
            "name": "Hashable",
            "printedName": "Hashable",
            "usr": "s:SH",
            "mangledName": "$sSH"
          }
        ]
      },
      {
        "kind": "Import",
        "name": "OneSignalCore",
        "printedName": "OneSignalCore",
        "declKind": "Import",
        "moduleName": "OneSignalLiveActivities",
        "declAttributes": [
          "RawDocComment"
        ]
      },
      {
        "kind": "Import",
        "name": "OneSignalUser",
        "printedName": "OneSignalUser",
        "declKind": "Import",
        "moduleName": "OneSignalLiveActivities"
      },
      {
        "kind": "Import",
        "name": "OneSignalCore",
        "printedName": "OneSignalCore",
        "declKind": "Import",
        "moduleName": "OneSignalLiveActivities",
        "declAttributes": [
          "RawDocComment"
        ]
      },
      {
        "kind": "Import",
        "name": "OneSignalUser",
        "printedName": "OneSignalUser",
        "declKind": "Import",
        "moduleName": "OneSignalLiveActivities"
      }
    ],
    "json_format_version": 8
  },
  "ConstValues": [
    {
      "filePath": "\/Users\/runner\/work\/OneSignal-iOS-SDK\/OneSignal-iOS-SDK\/iOS_SDK\/OneSignalSDK\/OneSignalLiveActivities\/Source\/Requests\/OSRequestSetStartToken.swift",
      "kind": "StringLiteral",
      "offset": 1418,
      "length": 91,
      "value": "\"(OSRequestSetStartToken) key:\""
    },
    {
      "filePath": "\/Users\/runner\/work\/OneSignal-iOS-SDK\/OneSignal-iOS-SDK\/iOS_SDK\/OneSignalSDK\/OneSignalLiveActivities\/Source\/Requests\/OSRequestSetStartToken.swift",
      "kind": "StringLiteral",
      "offset": 1454,
      "length": 17,
      "value": "\" requestSuccessful:\""
    },
    {
      "filePath": "\/Users\/runner\/work\/OneSignal-iOS-SDK\/OneSignal-iOS-SDK\/iOS_SDK\/OneSignalSDK\/OneSignalLiveActivities\/Source\/Requests\/OSRequestSetStartToken.swift",
      "kind": "StringLiteral",
      "offset": 1493,
      "length": 5,
      "value": "\" token:\""
    },
    {
      "filePath": "\/Users\/runner\/work\/OneSignal-iOS-SDK\/OneSignal-iOS-SDK\/iOS_SDK\/OneSignalSDK\/OneSignalLiveActivities\/Source\/Requests\/OSRequestSetStartToken.swift",
      "kind": "StringLiteral",
      "offset": 1508,
      "length": 3,
      "value": "\"\""
    },
    {
      "filePath": "\/Users\/runner\/work\/OneSignal-iOS-SDK\/OneSignal-iOS-SDK\/iOS_SDK\/OneSignalSDK\/OneSignalLiveActivities\/Source\/Requests\/OSRequestSetStartToken.swift",
      "kind": "BooleanLiteral",
      "offset": 1630,
      "length": 5,
      "value": "false"
    },
    {
      "filePath": "\/Users\/runner\/work\/OneSignal-iOS-SDK\/OneSignal-iOS-SDK\/iOS_SDK\/OneSignalSDK\/OneSignalLiveActivities\/Source\/Requests\/OSRequestSetStartToken.swift",
      "kind": "StringLiteral",
      "offset": 1803,
      "length": 65,
      "value": "\"Cannot generate the set start token request due to null app ID.\""
    },
    {
      "filePath": "\/Users\/runner\/work\/OneSignal-iOS-SDK\/OneSignal-iOS-SDK\/iOS_SDK\/OneSignalSDK\/OneSignalLiveActivities\/Source\/Requests\/OSRequestSetStartToken.swift",
      "kind": "BooleanLiteral",
      "offset": 1889,
      "length": 5,
      "value": "false"
    },
    {
      "filePath": "\/Users\/runner\/work\/OneSignal-iOS-SDK\/OneSignal-iOS-SDK\/iOS_SDK\/OneSignalSDK\/OneSignalLiveActivities\/Source\/Requests\/OSRequestSetStartToken.swift",
      "kind": "StringLiteral",
      "offset": 2065,
      "length": 74,
      "value": "\"Cannot generate the set start token request due to null subscription ID.\""
    },
    {
      "filePath": "\/Users\/runner\/work\/OneSignal-iOS-SDK\/OneSignal-iOS-SDK\/iOS_SDK\/OneSignalSDK\/OneSignalLiveActivities\/Source\/Requests\/OSRequestSetStartToken.swift",
      "kind": "BooleanLiteral",
      "offset": 2160,
      "length": 5,
      "value": "false"
    },
    {
      "filePath": "\/Users\/runner\/work\/OneSignal-iOS-SDK\/OneSignal-iOS-SDK\/iOS_SDK\/OneSignalSDK\/OneSignalLiveActivities\/Source\/Requests\/OSRequestSetStartToken.swift",
      "kind": "StringLiteral",
      "offset": 2360,
      "length": 55,
      "value": "\"Cannot translate activity type to url encoded string.\""
    },
    {
      "filePath": "\/Users\/runner\/work\/OneSignal-iOS-SDK\/OneSignal-iOS-SDK\/iOS_SDK\/OneSignalSDK\/OneSignalLiveActivities\/Source\/Requests\/OSRequestSetStartToken.swift",
      "kind": "BooleanLiteral",
      "offset": 2436,
      "length": 5,
      "value": "false"
    },
    {
      "filePath": "\/Users\/runner\/work\/OneSignal-iOS-SDK\/OneSignal-iOS-SDK\/iOS_SDK\/OneSignalSDK\/OneSignalLiveActivities\/Source\/Requests\/OSRequestSetStartToken.swift",
      "kind": "StringLiteral",
      "offset": 2473,
      "length": 87,
      "value": "\"apps\/\""
    },
    {
      "filePath": "\/Users\/runner\/work\/OneSignal-iOS-SDK\/OneSignal-iOS-SDK\/iOS_SDK\/OneSignalSDK\/OneSignalLiveActivities\/Source\/Requests\/OSRequestSetStartToken.swift",
      "kind": "StringLiteral",
      "offset": 2487,
      "length": 1,
      "value": "\"\/activities\/tokens\/start\/\""
    },
    {
      "filePath": "\/Users\/runner\/work\/OneSignal-iOS-SDK\/OneSignal-iOS-SDK\/iOS_SDK\/OneSignalSDK\/OneSignalLiveActivities\/Source\/Requests\/OSRequestSetStartToken.swift",
      "kind": "StringLiteral",
      "offset": 2527,
      "length": 1,
      "value": "\"\/subscriptions\/\""
    },
    {
      "filePath": "\/Users\/runner\/work\/OneSignal-iOS-SDK\/OneSignal-iOS-SDK\/iOS_SDK\/OneSignalSDK\/OneSignalLiveActivities\/Source\/Requests\/OSRequestSetStartToken.swift",
      "kind": "StringLiteral",
      "offset": 2559,
      "length": 1,
      "value": "\"\""
    },
    {
      "filePath": "\/Users\/runner\/work\/OneSignal-iOS-SDK\/OneSignal-iOS-SDK\/iOS_SDK\/OneSignalSDK\/OneSignalLiveActivities\/Source\/Requests\/OSRequestSetStartToken.swift",
      "kind": "StringLiteral",
      "offset": 2588,
      "length": 16,
      "value": "\"activity_token\""
    },
    {
      "filePath": "\/Users\/runner\/work\/OneSignal-iOS-SDK\/OneSignal-iOS-SDK\/iOS_SDK\/OneSignalSDK\/OneSignalLiveActivities\/Source\/Requests\/OSRequestSetStartToken.swift",
      "kind": "StringLiteral",
      "offset": 2618,
      "length": 13,
      "value": "\"device_type\""
    },
    {
      "filePath": "\/Users\/runner\/work\/OneSignal-iOS-SDK\/OneSignal-iOS-SDK\/iOS_SDK\/OneSignalSDK\/OneSignalLiveActivities\/Source\/Requests\/OSRequestSetStartToken.swift",
      "kind": "IntegerLiteral",
      "offset": 2633,
      "length": 1,
      "value": "0"
    },
    {
      "filePath": "\/Users\/runner\/work\/OneSignal-iOS-SDK\/OneSignal-iOS-SDK\/iOS_SDK\/OneSignalSDK\/OneSignalLiveActivities\/Source\/Requests\/OSRequestSetStartToken.swift",
      "kind": "BooleanLiteral",
      "offset": 2678,
      "length": 4,
      "value": "true"
    },
    {
      "filePath": "\/Users\/runner\/work\/OneSignal-iOS-SDK\/OneSignal-iOS-SDK\/iOS_SDK\/OneSignalSDK\/OneSignalLiveActivities\/Source\/Requests\/OSRequestSetStartToken.swift",
      "kind": "BooleanLiteral",
      "offset": 2908,
      "length": 5,
      "value": "false"
    },
    {
      "filePath": "\/Users\/runner\/work\/OneSignal-iOS-SDK\/OneSignal-iOS-SDK\/iOS_SDK\/OneSignalSDK\/OneSignalLiveActivities\/Source\/Requests\/OSRequestSetStartToken.swift",
      "kind": "BooleanLiteral",
      "offset": 3321,
      "length": 5,
      "value": "false"
    },
    {
      "filePath": "\/Users\/runner\/work\/OneSignal-iOS-SDK\/OneSignal-iOS-SDK\/iOS_SDK\/OneSignalSDK\/OneSignalLiveActivities\/Source\/Requests\/OSRequestSetStartToken.swift",
      "kind": "StringLiteral",
      "offset": 3428,
      "length": 5,
      "value": "\"key\""
    },
    {
      "filePath": "\/Users\/runner\/work\/OneSignal-iOS-SDK\/OneSignal-iOS-SDK\/iOS_SDK\/OneSignalSDK\/OneSignalLiveActivities\/Source\/Requests\/OSRequestSetStartToken.swift",
      "kind": "StringLiteral",
      "offset": 3471,
      "length": 7,
      "value": "\"token\""
    },
    {
      "filePath": "\/Users\/runner\/work\/OneSignal-iOS-SDK\/OneSignal-iOS-SDK\/iOS_SDK\/OneSignalSDK\/OneSignalLiveActivities\/Source\/Requests\/OSRequestSetStartToken.swift",
      "kind": "StringLiteral",
      "offset": 3528,
      "length": 19,
      "value": "\"requestSuccessful\""
    },
    {
      "filePath": "\/Users\/runner\/work\/OneSignal-iOS-SDK\/OneSignal-iOS-SDK\/iOS_SDK\/OneSignalSDK\/OneSignalLiveActivities\/Source\/Requests\/OSRequestSetStartToken.swift",
      "kind": "StringLiteral",
      "offset": 3589,
      "length": 11,
      "value": "\"timestamp\""
    },
    {
      "filePath": "\/Users\/runner\/work\/OneSignal-iOS-SDK\/OneSignal-iOS-SDK\/iOS_SDK\/OneSignalSDK\/OneSignalLiveActivities\/Source\/Requests\/OSRequestSetStartToken.swift",
      "kind": "StringLiteral",
      "offset": 3709,
      "length": 5,
      "value": "\"key\""
    },
    {
      "filePath": "\/Users\/runner\/work\/OneSignal-iOS-SDK\/OneSignal-iOS-SDK\/iOS_SDK\/OneSignalSDK\/OneSignalLiveActivities\/Source\/Requests\/OSRequestSetStartToken.swift",
      "kind": "StringLiteral",
      "offset": 3779,
      "length": 7,
      "value": "\"token\""
    },
    {
      "filePath": "\/Users\/runner\/work\/OneSignal-iOS-SDK\/OneSignal-iOS-SDK\/iOS_SDK\/OneSignalSDK\/OneSignalLiveActivities\/Source\/Requests\/OSRequestSetStartToken.swift",
      "kind": "StringLiteral",
      "offset": 3855,
      "length": 11,
      "value": "\"timestamp\""
    },
    {
      "filePath": "\/Users\/runner\/work\/OneSignal-iOS-SDK\/OneSignal-iOS-SDK\/iOS_SDK\/OneSignalSDK\/OneSignalLiveActivities\/Source\/Requests\/OSRequestSetStartToken.swift",
      "kind": "StringLiteral",
      "offset": 4058,
      "length": 19,
      "value": "\"requestSuccessful\""
    },
    {
      "filePath": "\/Users\/runner\/work\/OneSignal-iOS-SDK\/OneSignal-iOS-SDK\/iOS_SDK\/OneSignalSDK\/OneSignalLiveActivities\/Source\/Requests\/OSRequestSetStartToken.swift",
      "kind": "StringLiteral",
      "offset": 1273,
      "length": 22,
      "value": "\"OneSignalLiveActivities.OSRequestSetStartToken\""
    },
    {
      "filePath": "\/Users\/runner\/work\/OneSignal-iOS-SDK\/OneSignal-iOS-SDK\/iOS_SDK\/OneSignalSDK\/OneSignalLiveActivities\/Source\/Executors\/OSLiveActivitiesExecutor.swift",
      "kind": "StringLiteral",
      "offset": 2436,
      "length": 68,
      "value": "\"OneSignal.LiveActivities initialized token cache \""
    },
    {
      "filePath": "\/Users\/runner\/work\/OneSignal-iOS-SDK\/OneSignal-iOS-SDK\/iOS_SDK\/OneSignalSDK\/OneSignalLiveActivities\/Source\/Executors\/OSLiveActivitiesExecutor.swift",
      "kind": "StringLiteral",
      "offset": 2493,
      "length": 1,
      "value": "\": \""
    },
    {
      "filePath": "\/Users\/runner\/work\/OneSignal-iOS-SDK\/OneSignal-iOS-SDK\/iOS_SDK\/OneSignalSDK\/OneSignalLiveActivities\/Source\/Executors\/OSLiveActivitiesExecutor.swift",
      "kind": "StringLiteral",
      "offset": 2503,
      "length": 2,
      "value": "\"\""
    },
    {
      "filePath": "\/Users\/runner\/work\/OneSignal-iOS-SDK\/OneSignal-iOS-SDK\/iOS_SDK\/OneSignalSDK\/OneSignalLiveActivities\/Source\/Executors\/OSLiveActivitiesExecutor.swift",
      "kind": "BooleanLiteral",
      "offset": 2973,
      "length": 5,
      "value": "false"
    },
    {
      "filePath": "\/Users\/runner\/work\/OneSignal-iOS-SDK\/OneSignal-iOS-SDK\/iOS_SDK\/OneSignalSDK\/OneSignalLiveActivities\/Source\/Executors\/OSLiveActivitiesExecutor.swift",
      "kind": "BooleanLiteral",
      "offset": 3402,
      "length": 4,
      "value": "true"
    },
    {
      "filePath": "\/Users\/runner\/work\/OneSignal-iOS-SDK\/OneSignal-iOS-SDK\/iOS_SDK\/OneSignalSDK\/OneSignalLiveActivities\/Source\/Executors\/OSLiveActivitiesExecutor.swift",
      "kind": "StringLiteral",
      "offset": 3709,
      "length": 84,
      "value": "\"OneSignal.LiveActivities remove stale request from token cache \""
    },
    {
      "filePath": "\/Users\/runner\/work\/OneSignal-iOS-SDK\/OneSignal-iOS-SDK\/iOS_SDK\/OneSignalSDK\/OneSignalLiveActivities\/Source\/Executors\/OSLiveActivitiesExecutor.swift",
      "kind": "StringLiteral",
      "offset": 3780,
      "length": 1,
      "value": "\": \""
    },
    {
      "filePath": "\/Users\/runner\/work\/OneSignal-iOS-SDK\/OneSignal-iOS-SDK\/iOS_SDK\/OneSignalSDK\/OneSignalLiveActivities\/Source\/Executors\/OSLiveActivitiesExecutor.swift",
      "kind": "StringLiteral",
      "offset": 3792,
      "length": 2,
      "value": "\"\""
    },
    {
      "filePath": "\/Users\/runner\/work\/OneSignal-iOS-SDK\/OneSignal-iOS-SDK\/iOS_SDK\/OneSignalSDK\/OneSignalLiveActivities\/Source\/Executors\/OSLiveActivitiesExecutor.swift",
      "kind": "StringLiteral",
      "offset": 3917,
      "length": 63,
      "value": "\"OneSignal.LiveActivities saving token cache \""
    },
    {
      "filePath": "\/Users\/runner\/work\/OneSignal-iOS-SDK\/OneSignal-iOS-SDK\/iOS_SDK\/OneSignalSDK\/OneSignalLiveActivities\/Source\/Executors\/OSLiveActivitiesExecutor.swift",
      "kind": "StringLiteral",
      "offset": 3969,
      "length": 1,
      "value": "\": \""
    },
    {
      "filePath": "\/Users\/runner\/work\/OneSignal-iOS-SDK\/OneSignal-iOS-SDK\/iOS_SDK\/OneSignalSDK\/OneSignalLiveActivities\/Source\/Executors\/OSLiveActivitiesExecutor.swift",
      "kind": "StringLiteral",
      "offset": 3979,
      "length": 2,
      "value": "\"\""
    },
    {
      "filePath": "\/Users\/runner\/work\/OneSignal-iOS-SDK\/OneSignal-iOS-SDK\/iOS_SDK\/OneSignalSDK\/OneSignalLiveActivities\/Source\/Executors\/OSLiveActivitiesExecutor.swift",
      "kind": "IntegerLiteral",
      "offset": 4277,
      "length": 2,
      "value": "60"
    },
    {
      "filePath": "\/Users\/runner\/work\/OneSignal-iOS-SDK\/OneSignal-iOS-SDK\/iOS_SDK\/OneSignalSDK\/OneSignalLiveActivities\/Source\/Executors\/OSLiveActivitiesExecutor.swift",
      "kind": "IntegerLiteral",
      "offset": 4282,
      "length": 2,
      "value": "60"
    },
    {
      "filePath": "\/Users\/runner\/work\/OneSignal-iOS-SDK\/OneSignal-iOS-SDK\/iOS_SDK\/OneSignalSDK\/OneSignalLiveActivities\/Source\/Executors\/OSLiveActivitiesExecutor.swift",
      "kind": "IntegerLiteral",
      "offset": 4287,
      "length": 2,
      "value": "24"
    },
    {
      "filePath": "\/Users\/runner\/work\/OneSignal-iOS-SDK\/OneSignal-iOS-SDK\/iOS_SDK\/OneSignalSDK\/OneSignalLiveActivities\/Source\/Executors\/OSLiveActivitiesExecutor.swift",
      "kind": "IntegerLiteral",
      "offset": 4292,
      "length": 3,
      "value": "365"
    },
    {
      "filePath": "\/Users\/runner\/work\/OneSignal-iOS-SDK\/OneSignal-iOS-SDK\/iOS_SDK\/OneSignalSDK\/OneSignalLiveActivities\/Source\/Executors\/OSLiveActivitiesExecutor.swift",
      "kind": "StringLiteral",
      "offset": 4103,
      "length": 18,
      "value": "\"OneSignalLiveActivities.UpdateRequestCache\""
    },
    {
      "filePath": "\/Users\/runner\/work\/OneSignal-iOS-SDK\/OneSignal-iOS-SDK\/iOS_SDK\/OneSignalSDK\/OneSignalLiveActivities\/Source\/Executors\/OSLiveActivitiesExecutor.swift",
      "kind": "IntegerLiteral",
      "offset": 4581,
      "length": 2,
      "value": "60"
    },
    {
      "filePath": "\/Users\/runner\/work\/OneSignal-iOS-SDK\/OneSignal-iOS-SDK\/iOS_SDK\/OneSignalSDK\/OneSignalLiveActivities\/Source\/Executors\/OSLiveActivitiesExecutor.swift",
      "kind": "IntegerLiteral",
      "offset": 4586,
      "length": 2,
      "value": "60"
    },
    {
      "filePath": "\/Users\/runner\/work\/OneSignal-iOS-SDK\/OneSignal-iOS-SDK\/iOS_SDK\/OneSignalSDK\/OneSignalLiveActivities\/Source\/Executors\/OSLiveActivitiesExecutor.swift",
      "kind": "IntegerLiteral",
      "offset": 4591,
      "length": 2,
      "value": "24"
    },
    {
      "filePath": "\/Users\/runner\/work\/OneSignal-iOS-SDK\/OneSignal-iOS-SDK\/iOS_SDK\/OneSignalSDK\/OneSignalLiveActivities\/Source\/Executors\/OSLiveActivitiesExecutor.swift",
      "kind": "IntegerLiteral",
      "offset": 4596,
      "length": 3,
      "value": "365"
    },
    {
      "filePath": "\/Users\/runner\/work\/OneSignal-iOS-SDK\/OneSignal-iOS-SDK\/iOS_SDK\/OneSignalSDK\/OneSignalLiveActivities\/Source\/Executors\/OSLiveActivitiesExecutor.swift",
      "kind": "StringLiteral",
      "offset": 4443,
      "length": 17,
      "value": "\"OneSignalLiveActivities.StartRequestCache\""
    },
    {
      "filePath": "\/Users\/runner\/work\/OneSignal-iOS-SDK\/OneSignal-iOS-SDK\/iOS_SDK\/OneSignalSDK\/OneSignalLiveActivities\/Source\/Executors\/OSLiveActivitiesExecutor.swift",
      "kind": "IntegerLiteral",
      "offset": 5259,
      "length": 2,
      "value": "30"
    },
    {
      "filePath": "\/Users\/runner\/work\/OneSignal-iOS-SDK\/OneSignal-iOS-SDK\/iOS_SDK\/OneSignalSDK\/OneSignalLiveActivities\/Source\/Executors\/OSLiveActivitiesExecutor.swift",
      "kind": "StringLiteral",
      "offset": 5437,
      "length": 44,
      "value": "\"OneSignal.LiveActivities starting executor\""
    },
    {
      "filePath": "\/Users\/runner\/work\/OneSignal-iOS-SDK\/OneSignal-iOS-SDK\/iOS_SDK\/OneSignalSDK\/OneSignalLiveActivities\/Source\/Executors\/OSLiveActivitiesExecutor.swift",
      "kind": "StringLiteral",
      "offset": 6633,
      "length": 76,
      "value": "\"OneSignal.LiveActivities superseded request not saved\/executed: \""
    },
    {
      "filePath": "\/Users\/runner\/work\/OneSignal-iOS-SDK\/OneSignal-iOS-SDK\/iOS_SDK\/OneSignalSDK\/OneSignalLiveActivities\/Source\/Executors\/OSLiveActivitiesExecutor.swift",
      "kind": "StringLiteral",
      "offset": 6708,
      "length": 2,
      "value": "\"\""
    },
    {
      "filePath": "\/Users\/runner\/work\/OneSignal-iOS-SDK\/OneSignal-iOS-SDK\/iOS_SDK\/OneSignalSDK\/OneSignalLiveActivities\/Source\/Executors\/OSLiveActivitiesExecutor.swift",
      "kind": "StringLiteral",
      "offset": 6839,
      "length": 46,
      "value": "\"OneSignal.LiveActivities pollPendingRequests\""
    },
    {
      "filePath": "\/Users\/runner\/work\/OneSignal-iOS-SDK\/OneSignal-iOS-SDK\/iOS_SDK\/OneSignalSDK\/OneSignalLiveActivities\/Source\/Executors\/OSLiveActivitiesExecutor.swift",
      "kind": "StringLiteral",
      "offset": 7059,
      "length": 57,
      "value": "\"OneSignal.LiveActivities executing outstanding requests\""
    },
    {
      "filePath": "\/Users\/runner\/work\/OneSignal-iOS-SDK\/OneSignal-iOS-SDK\/iOS_SDK\/OneSignalSDK\/OneSignalLiveActivities\/Source\/Executors\/OSLiveActivitiesExecutor.swift",
      "kind": "StringLiteral",
      "offset": 7999,
      "length": 84,
      "value": "\"Cannot send live activity request when the user has not granted privacy permission\""
    },
    {
      "filePath": "\/Users\/runner\/work\/OneSignal-iOS-SDK\/OneSignal-iOS-SDK\/iOS_SDK\/OneSignalSDK\/OneSignalLiveActivities\/Source\/Executors\/OSLiveActivitiesExecutor.swift",
      "kind": "StringLiteral",
      "offset": 8284,
      "length": 56,
      "value": "\"OneSignal.LiveActivities executing request: \""
    },
    {
      "filePath": "\/Users\/runner\/work\/OneSignal-iOS-SDK\/OneSignal-iOS-SDK\/iOS_SDK\/OneSignalSDK\/OneSignalLiveActivities\/Source\/Executors\/OSLiveActivitiesExecutor.swift",
      "kind": "StringLiteral",
      "offset": 8339,
      "length": 2,
      "value": "\"\""
    },
    {
      "filePath": "\/Users\/runner\/work\/OneSignal-iOS-SDK\/OneSignal-iOS-SDK\/iOS_SDK\/OneSignalSDK\/OneSignalLiveActivities\/Source\/Executors\/OSLiveActivitiesExecutor.swift",
      "kind": "StringLiteral",
      "offset": 8545,
      "length": 56,
      "value": "\"OneSignal.LiveActivities request succeeded: \""
    },
    {
      "filePath": "\/Users\/runner\/work\/OneSignal-iOS-SDK\/OneSignal-iOS-SDK\/iOS_SDK\/OneSignalSDK\/OneSignalLiveActivities\/Source\/Executors\/OSLiveActivitiesExecutor.swift",
      "kind": "StringLiteral",
      "offset": 8600,
      "length": 2,
      "value": "\"\""
    },
    {
      "filePath": "\/Users\/runner\/work\/OneSignal-iOS-SDK\/OneSignal-iOS-SDK\/iOS_SDK\/OneSignalSDK\/OneSignalLiveActivities\/Source\/Executors\/OSLiveActivitiesExecutor.swift",
      "kind": "StringLiteral",
      "offset": 8874,
      "length": 78,
      "value": "\"OneSignal.LiveActivities request failed with error \""
    },
    {
      "filePath": "\/Users\/runner\/work\/OneSignal-iOS-SDK\/OneSignal-iOS-SDK\/iOS_SDK\/OneSignalSDK\/OneSignalLiveActivities\/Source\/Executors\/OSLiveActivitiesExecutor.swift",
      "kind": "StringLiteral",
      "offset": 8951,
      "length": 2,
      "value": "\"\""
    },
    {
      "filePath": "\/Users\/runner\/work\/OneSignal-iOS-SDK\/OneSignal-iOS-SDK\/iOS_SDK\/OneSignalSDK\/OneSignalLiveActivities\/Source\/Requests\/OSRequestRemoveUpdateToken.swift",
      "kind": "StringLiteral",
      "offset": 1423,
      "length": 80,
      "value": "\"(OSRequestRemoveUpdateToken) key:\""
    },
    {
      "filePath": "\/Users\/runner\/work\/OneSignal-iOS-SDK\/OneSignal-iOS-SDK\/iOS_SDK\/OneSignalSDK\/OneSignalLiveActivities\/Source\/Requests\/OSRequestRemoveUpdateToken.swift",
      "kind": "StringLiteral",
      "offset": 1463,
      "length": 17,
      "value": "\" requestSuccessful:\""
    },
    {
      "filePath": "\/Users\/runner\/work\/OneSignal-iOS-SDK\/OneSignal-iOS-SDK\/iOS_SDK\/OneSignalSDK\/OneSignalLiveActivities\/Source\/Requests\/OSRequestRemoveUpdateToken.swift",
      "kind": "StringLiteral",
      "offset": 1502,
      "length": 3,
      "value": "\"\""
    },
    {
      "filePath": "\/Users\/runner\/work\/OneSignal-iOS-SDK\/OneSignal-iOS-SDK\/iOS_SDK\/OneSignalSDK\/OneSignalLiveActivities\/Source\/Requests\/OSRequestRemoveUpdateToken.swift",
      "kind": "BooleanLiteral",
      "offset": 1602,
      "length": 4,
      "value": "true"
    },
    {
      "filePath": "\/Users\/runner\/work\/OneSignal-iOS-SDK\/OneSignal-iOS-SDK\/iOS_SDK\/OneSignalSDK\/OneSignalLiveActivities\/Source\/Requests\/OSRequestRemoveUpdateToken.swift",
      "kind": "StringLiteral",
      "offset": 1774,
      "length": 69,
      "value": "\"Cannot generate the remove update token request due to null app ID.\""
    },
    {
      "filePath": "\/Users\/runner\/work\/OneSignal-iOS-SDK\/OneSignal-iOS-SDK\/iOS_SDK\/OneSignalSDK\/OneSignalLiveActivities\/Source\/Requests\/OSRequestRemoveUpdateToken.swift",
      "kind": "BooleanLiteral",
      "offset": 1864,
      "length": 5,
      "value": "false"
    },
    {
      "filePath": "\/Users\/runner\/work\/OneSignal-iOS-SDK\/OneSignal-iOS-SDK\/iOS_SDK\/OneSignalSDK\/OneSignalLiveActivities\/Source\/Requests\/OSRequestRemoveUpdateToken.swift",
      "kind": "StringLiteral",
      "offset": 2040,
      "length": 78,
      "value": "\"Cannot generate the remove update token request due to null subscription ID.\""
    },
    {
      "filePath": "\/Users\/runner\/work\/OneSignal-iOS-SDK\/OneSignal-iOS-SDK\/iOS_SDK\/OneSignalSDK\/OneSignalLiveActivities\/Source\/Requests\/OSRequestRemoveUpdateToken.swift",
      "kind": "BooleanLiteral",
      "offset": 2139,
      "length": 5,
      "value": "false"
    },
    {
      "filePath": "\/Users\/runner\/work\/OneSignal-iOS-SDK\/OneSignal-iOS-SDK\/iOS_SDK\/OneSignalSDK\/OneSignalLiveActivities\/Source\/Requests\/OSRequestRemoveUpdateToken.swift",
      "kind": "StringLiteral",
      "offset": 2337,
      "length": 55,
      "value": "\"Cannot translate activity type to url encoded string.\""
    },
    {
      "filePath": "\/Users\/runner\/work\/OneSignal-iOS-SDK\/OneSignal-iOS-SDK\/iOS_SDK\/OneSignalSDK\/OneSignalLiveActivities\/Source\/Requests\/OSRequestRemoveUpdateToken.swift",
      "kind": "BooleanLiteral",
      "offset": 2413,
      "length": 5,
      "value": "false"
    },
    {
      "filePath": "\/Users\/runner\/work\/OneSignal-iOS-SDK\/OneSignal-iOS-SDK\/iOS_SDK\/OneSignalSDK\/OneSignalLiveActivities\/Source\/Requests\/OSRequestRemoveUpdateToken.swift",
      "kind": "StringLiteral",
      "offset": 2560,
      "length": 69,
      "value": "\"apps\/\""
    },
    {
      "filePath": "\/Users\/runner\/work\/OneSignal-iOS-SDK\/OneSignal-iOS-SDK\/iOS_SDK\/OneSignalSDK\/OneSignalLiveActivities\/Source\/Requests\/OSRequestRemoveUpdateToken.swift",
      "kind": "StringLiteral",
      "offset": 2574,
      "length": 1,
      "value": "\"\/live_activities\/\""
    },
    {
      "filePath": "\/Users\/runner\/work\/OneSignal-iOS-SDK\/OneSignal-iOS-SDK\/iOS_SDK\/OneSignalSDK\/OneSignalLiveActivities\/Source\/Requests\/OSRequestRemoveUpdateToken.swift",
      "kind": "StringLiteral",
      "offset": 2604,
      "length": 1,
      "value": "\"\/token\/\""
    },
    {
      "filePath": "\/Users\/runner\/work\/OneSignal-iOS-SDK\/OneSignal-iOS-SDK\/iOS_SDK\/OneSignalSDK\/OneSignalLiveActivities\/Source\/Requests\/OSRequestRemoveUpdateToken.swift",
      "kind": "StringLiteral",
      "offset": 2628,
      "length": 1,
      "value": "\"\""
    },
    {
      "filePath": "\/Users\/runner\/work\/OneSignal-iOS-SDK\/OneSignal-iOS-SDK\/iOS_SDK\/OneSignalSDK\/OneSignalLiveActivities\/Source\/Requests\/OSRequestRemoveUpdateToken.swift",
      "kind": "BooleanLiteral",
      "offset": 2675,
      "length": 4,
      "value": "true"
    },
    {
      "filePath": "\/Users\/runner\/work\/OneSignal-iOS-SDK\/OneSignal-iOS-SDK\/iOS_SDK\/OneSignalSDK\/OneSignalLiveActivities\/Source\/Requests\/OSRequestRemoveUpdateToken.swift",
      "kind": "BooleanLiteral",
      "offset": 3092,
      "length": 5,
      "value": "false"
    },
    {
      "filePath": "\/Users\/runner\/work\/OneSignal-iOS-SDK\/OneSignal-iOS-SDK\/iOS_SDK\/OneSignalSDK\/OneSignalLiveActivities\/Source\/Requests\/OSRequestRemoveUpdateToken.swift",
      "kind": "StringLiteral",
      "offset": 3199,
      "length": 5,
      "value": "\"key\""
    },
    {
      "filePath": "\/Users\/runner\/work\/OneSignal-iOS-SDK\/OneSignal-iOS-SDK\/iOS_SDK\/OneSignalSDK\/OneSignalLiveActivities\/Source\/Requests\/OSRequestRemoveUpdateToken.swift",
      "kind": "StringLiteral",
      "offset": 3246,
      "length": 11,
      "value": "\"timestamp\""
    },
    {
      "filePath": "\/Users\/runner\/work\/OneSignal-iOS-SDK\/OneSignal-iOS-SDK\/iOS_SDK\/OneSignalSDK\/OneSignalLiveActivities\/Source\/Requests\/OSRequestRemoveUpdateToken.swift",
      "kind": "StringLiteral",
      "offset": 3307,
      "length": 19,
      "value": "\"requestSuccessful\""
    },
    {
      "filePath": "\/Users\/runner\/work\/OneSignal-iOS-SDK\/OneSignal-iOS-SDK\/iOS_SDK\/OneSignalSDK\/OneSignalLiveActivities\/Source\/Requests\/OSRequestRemoveUpdateToken.swift",
      "kind": "StringLiteral",
      "offset": 3435,
      "length": 5,
      "value": "\"key\""
    },
    {
      "filePath": "\/Users\/runner\/work\/OneSignal-iOS-SDK\/OneSignal-iOS-SDK\/iOS_SDK\/OneSignalSDK\/OneSignalLiveActivities\/Source\/Requests\/OSRequestRemoveUpdateToken.swift",
      "kind": "StringLiteral",
      "offset": 3517,
      "length": 19,
      "value": "\"requestSuccessful\""
    },
    {
      "filePath": "\/Users\/runner\/work\/OneSignal-iOS-SDK\/OneSignal-iOS-SDK\/iOS_SDK\/OneSignalSDK\/OneSignalLiveActivities\/Source\/Requests\/OSRequestRemoveUpdateToken.swift",
      "kind": "StringLiteral",
      "offset": 3603,
      "length": 11,
      "value": "\"timestamp\""
    },
    {
      "filePath": "\/Users\/runner\/work\/OneSignal-iOS-SDK\/OneSignal-iOS-SDK\/iOS_SDK\/OneSignalSDK\/OneSignalLiveActivities\/Source\/Requests\/OSRequestRemoveUpdateToken.swift",
      "kind": "StringLiteral",
      "offset": 1273,
      "length": 26,
      "value": "\"OneSignalLiveActivities.OSRequestRemoveUpdateToken\""
    },
    {
      "filePath": "\/Users\/runner\/work\/OneSignal-iOS-SDK\/OneSignal-iOS-SDK\/iOS_SDK\/OneSignalSDK\/OneSignalLiveActivities\/Source\/AnyCodable.swift",
      "kind": "StringLiteral",
      "offset": 2872,
      "length": 36,
      "value": "\"AnyCodable value cannot be decoded\""
    },
    {
      "filePath": "\/Users\/runner\/work\/OneSignal-iOS-SDK\/OneSignal-iOS-SDK\/iOS_SDK\/OneSignalSDK\/OneSignalLiveActivities\/Source\/AnyCodable.swift",
      "kind": "StringLiteral",
      "offset": 5004,
      "length": 36,
      "value": "\"AnyCodable value cannot be encoded\""
    },
    {
      "filePath": "\/Users\/runner\/work\/OneSignal-iOS-SDK\/OneSignal-iOS-SDK\/iOS_SDK\/OneSignalSDK\/OneSignalLiveActivities\/Source\/AnyCodable.swift",
      "kind": "StringLiteral",
      "offset": 5345,
      "length": 3,
      "value": "\"B\""
    },
    {
      "filePath": "\/Users\/runner\/work\/OneSignal-iOS-SDK\/OneSignal-iOS-SDK\/iOS_SDK\/OneSignalSDK\/OneSignalLiveActivities\/Source\/AnyCodable.swift",
      "kind": "StringLiteral",
      "offset": 5416,
      "length": 3,
      "value": "\"c\""
    },
    {
      "filePath": "\/Users\/runner\/work\/OneSignal-iOS-SDK\/OneSignal-iOS-SDK\/iOS_SDK\/OneSignalSDK\/OneSignalLiveActivities\/Source\/AnyCodable.swift",
      "kind": "StringLiteral",
      "offset": 5487,
      "length": 3,
      "value": "\"s\""
    },
    {
      "filePath": "\/Users\/runner\/work\/OneSignal-iOS-SDK\/OneSignal-iOS-SDK\/iOS_SDK\/OneSignalSDK\/OneSignalLiveActivities\/Source\/AnyCodable.swift",
      "kind": "StringLiteral",
      "offset": 5559,
      "length": 3,
      "value": "\"i\""
    },
    {
      "filePath": "\/Users\/runner\/work\/OneSignal-iOS-SDK\/OneSignal-iOS-SDK\/iOS_SDK\/OneSignalSDK\/OneSignalLiveActivities\/Source\/AnyCodable.swift",
      "kind": "StringLiteral",
      "offset": 5564,
      "length": 3,
      "value": "\"l\""
    },
    {
      "filePath": "\/Users\/runner\/work\/OneSignal-iOS-SDK\/OneSignal-iOS-SDK\/iOS_SDK\/OneSignalSDK\/OneSignalLiveActivities\/Source\/AnyCodable.swift",
      "kind": "StringLiteral",
      "offset": 5636,
      "length": 3,
      "value": "\"q\""
    },
    {
      "filePath": "\/Users\/runner\/work\/OneSignal-iOS-SDK\/OneSignal-iOS-SDK\/iOS_SDK\/OneSignalSDK\/OneSignalLiveActivities\/Source\/AnyCodable.swift",
      "kind": "StringLiteral",
      "offset": 5708,
      "length": 3,
      "value": "\"C\""
    },
    {
      "filePath": "\/Users\/runner\/work\/OneSignal-iOS-SDK\/OneSignal-iOS-SDK\/iOS_SDK\/OneSignalSDK\/OneSignalLiveActivities\/Source\/AnyCodable.swift",
      "kind": "StringLiteral",
      "offset": 5780,
      "length": 3,
      "value": "\"S\""
    },
    {
      "filePath": "\/Users\/runner\/work\/OneSignal-iOS-SDK\/OneSignal-iOS-SDK\/iOS_SDK\/OneSignalSDK\/OneSignalLiveActivities\/Source\/AnyCodable.swift",
      "kind": "StringLiteral",
      "offset": 5853,
      "length": 3,
      "value": "\"I\""
    },
    {
      "filePath": "\/Users\/runner\/work\/OneSignal-iOS-SDK\/OneSignal-iOS-SDK\/iOS_SDK\/OneSignalSDK\/OneSignalLiveActivities\/Source\/AnyCodable.swift",
      "kind": "StringLiteral",
      "offset": 5858,
      "length": 3,
      "value": "\"L\""
    },
    {
      "filePath": "\/Users\/runner\/work\/OneSignal-iOS-SDK\/OneSignal-iOS-SDK\/iOS_SDK\/OneSignalSDK\/OneSignalLiveActivities\/Source\/AnyCodable.swift",
      "kind": "StringLiteral",
      "offset": 5931,
      "length": 3,
      "value": "\"Q\""
    },
    {
      "filePath": "\/Users\/runner\/work\/OneSignal-iOS-SDK\/OneSignal-iOS-SDK\/iOS_SDK\/OneSignalSDK\/OneSignalLiveActivities\/Source\/AnyCodable.swift",
      "kind": "StringLiteral",
      "offset": 6004,
      "length": 3,
      "value": "\"f\""
    },
    {
      "filePath": "\/Users\/runner\/work\/OneSignal-iOS-SDK\/OneSignal-iOS-SDK\/iOS_SDK\/OneSignalSDK\/OneSignalLiveActivities\/Source\/AnyCodable.swift",
      "kind": "StringLiteral",
      "offset": 6076,
      "length": 3,
      "value": "\"d\""
    },
    {
      "filePath": "\/Users\/runner\/work\/OneSignal-iOS-SDK\/OneSignal-iOS-SDK\/iOS_SDK\/OneSignalSDK\/OneSignalLiveActivities\/Source\/AnyCodable.swift",
      "kind": "StringLiteral",
      "offset": 6253,
      "length": 60,
      "value": "\"NSNumber cannot be encoded because its type is not handled\""
    },
    {
      "filePath": "\/Users\/runner\/work\/OneSignal-iOS-SDK\/OneSignal-iOS-SDK\/iOS_SDK\/OneSignalSDK\/OneSignalLiveActivities\/Source\/AnyCodable.swift",
      "kind": "BooleanLiteral",
      "offset": 6650,
      "length": 4,
      "value": "true"
    },
    {
      "filePath": "\/Users\/runner\/work\/OneSignal-iOS-SDK\/OneSignal-iOS-SDK\/iOS_SDK\/OneSignalSDK\/OneSignalLiveActivities\/Source\/AnyCodable.swift",
      "kind": "BooleanLiteral",
      "offset": 6711,
      "length": 4,
      "value": "true"
    },
    {
      "filePath": "\/Users\/runner\/work\/OneSignal-iOS-SDK\/OneSignal-iOS-SDK\/iOS_SDK\/OneSignalSDK\/OneSignalLiveActivities\/Source\/AnyCodable.swift",
      "kind": "BooleanLiteral",
      "offset": 8299,
      "length": 4,
      "value": "true"
    },
    {
      "filePath": "\/Users\/runner\/work\/OneSignal-iOS-SDK\/OneSignal-iOS-SDK\/iOS_SDK\/OneSignalSDK\/OneSignalLiveActivities\/Source\/AnyCodable.swift",
      "kind": "BooleanLiteral",
      "offset": 8340,
      "length": 5,
      "value": "false"
    },
    {
      "filePath": "\/Users\/runner\/work\/OneSignal-iOS-SDK\/OneSignal-iOS-SDK\/iOS_SDK\/OneSignalSDK\/OneSignalLiveActivities\/Source\/AnyCodable.swift",
      "kind": "StringLiteral",
      "offset": 8908,
      "length": 39,
      "value": "\"AnyCodable(\""
    },
    {
      "filePath": "\/Users\/runner\/work\/OneSignal-iOS-SDK\/OneSignal-iOS-SDK\/iOS_SDK\/OneSignalSDK\/OneSignalLiveActivities\/Source\/AnyCodable.swift",
      "kind": "StringLiteral",
      "offset": 8945,
      "length": 1,
      "value": "\")\""
    },
    {
      "filePath": "\/Users\/runner\/work\/OneSignal-iOS-SDK\/OneSignal-iOS-SDK\/iOS_SDK\/OneSignalSDK\/OneSignalLiveActivities\/Source\/AnyCodable.swift",
      "kind": "StringLiteral",
      "offset": 8984,
      "length": 28,
      "value": "\"AnyCodable(\""
    },
    {
      "filePath": "\/Users\/runner\/work\/OneSignal-iOS-SDK\/OneSignal-iOS-SDK\/iOS_SDK\/OneSignalSDK\/OneSignalLiveActivities\/Source\/AnyCodable.swift",
      "kind": "StringLiteral",
      "offset": 9010,
      "length": 1,
      "value": "\")\""
    },
    {
      "filePath": "\/Users\/runner\/work\/OneSignal-iOS-SDK\/OneSignal-iOS-SDK\/iOS_SDK\/OneSignalSDK\/OneSignalLiveActivities\/Source\/Requests\/OSRequestRemoveStartToken.swift",
      "kind": "StringLiteral",
      "offset": 1421,
      "length": 79,
      "value": "\"(OSRequestRemoveStartToken) key:\""
    },
    {
      "filePath": "\/Users\/runner\/work\/OneSignal-iOS-SDK\/OneSignal-iOS-SDK\/iOS_SDK\/OneSignalSDK\/OneSignalLiveActivities\/Source\/Requests\/OSRequestRemoveStartToken.swift",
      "kind": "StringLiteral",
      "offset": 1460,
      "length": 17,
      "value": "\" requestSuccessful:\""
    },
    {
      "filePath": "\/Users\/runner\/work\/OneSignal-iOS-SDK\/OneSignal-iOS-SDK\/iOS_SDK\/OneSignalSDK\/OneSignalLiveActivities\/Source\/Requests\/OSRequestRemoveStartToken.swift",
      "kind": "StringLiteral",
      "offset": 1499,
      "length": 3,
      "value": "\"\""
    },
    {
      "filePath": "\/Users\/runner\/work\/OneSignal-iOS-SDK\/OneSignal-iOS-SDK\/iOS_SDK\/OneSignalSDK\/OneSignalLiveActivities\/Source\/Requests\/OSRequestRemoveStartToken.swift",
      "kind": "BooleanLiteral",
      "offset": 1599,
      "length": 4,
      "value": "true"
    },
    {
      "filePath": "\/Users\/runner\/work\/OneSignal-iOS-SDK\/OneSignal-iOS-SDK\/iOS_SDK\/OneSignalSDK\/OneSignalLiveActivities\/Source\/Requests\/OSRequestRemoveStartToken.swift",
      "kind": "StringLiteral",
      "offset": 1771,
      "length": 68,
      "value": "\"Cannot generate the remove start token request due to null app ID.\""
    },
    {
      "filePath": "\/Users\/runner\/work\/OneSignal-iOS-SDK\/OneSignal-iOS-SDK\/iOS_SDK\/OneSignalSDK\/OneSignalLiveActivities\/Source\/Requests\/OSRequestRemoveStartToken.swift",
      "kind": "BooleanLiteral",
      "offset": 1860,
      "length": 5,
      "value": "false"
    },
    {
      "filePath": "\/Users\/runner\/work\/OneSignal-iOS-SDK\/OneSignal-iOS-SDK\/iOS_SDK\/OneSignalSDK\/OneSignalLiveActivities\/Source\/Requests\/OSRequestRemoveStartToken.swift",
      "kind": "StringLiteral",
      "offset": 2036,
      "length": 77,
      "value": "\"Cannot generate the remove start token request due to null subscription ID.\""
    },
    {
      "filePath": "\/Users\/runner\/work\/OneSignal-iOS-SDK\/OneSignal-iOS-SDK\/iOS_SDK\/OneSignalSDK\/OneSignalLiveActivities\/Source\/Requests\/OSRequestRemoveStartToken.swift",
      "kind": "BooleanLiteral",
      "offset": 2134,
      "length": 5,
      "value": "false"
    },
    {
      "filePath": "\/Users\/runner\/work\/OneSignal-iOS-SDK\/OneSignal-iOS-SDK\/iOS_SDK\/OneSignalSDK\/OneSignalLiveActivities\/Source\/Requests\/OSRequestRemoveStartToken.swift",
      "kind": "StringLiteral",
      "offset": 2334,
      "length": 55,
      "value": "\"Cannot translate activity type to url encoded string.\""
    },
    {
      "filePath": "\/Users\/runner\/work\/OneSignal-iOS-SDK\/OneSignal-iOS-SDK\/iOS_SDK\/OneSignalSDK\/OneSignalLiveActivities\/Source\/Requests\/OSRequestRemoveStartToken.swift",
      "kind": "BooleanLiteral",
      "offset": 2410,
      "length": 5,
      "value": "false"
    },
    {
      "filePath": "\/Users\/runner\/work\/OneSignal-iOS-SDK\/OneSignal-iOS-SDK\/iOS_SDK\/OneSignalSDK\/OneSignalLiveActivities\/Source\/Requests\/OSRequestRemoveStartToken.swift",
      "kind": "StringLiteral",
      "offset": 2447,
      "length": 87,
      "value": "\"apps\/\""
    },
    {
      "filePath": "\/Users\/runner\/work\/OneSignal-iOS-SDK\/OneSignal-iOS-SDK\/iOS_SDK\/OneSignalSDK\/OneSignalLiveActivities\/Source\/Requests\/OSRequestRemoveStartToken.swift",
      "kind": "StringLiteral",
      "offset": 2461,
      "length": 1,
      "value": "\"\/activities\/tokens\/start\/\""
    },
    {
      "filePath": "\/Users\/runner\/work\/OneSignal-iOS-SDK\/OneSignal-iOS-SDK\/iOS_SDK\/OneSignalSDK\/OneSignalLiveActivities\/Source\/Requests\/OSRequestRemoveStartToken.swift",
      "kind": "StringLiteral",
      "offset": 2501,
      "length": 1,
      "value": "\"\/subscriptions\/\""
    },
    {
      "filePath": "\/Users\/runner\/work\/OneSignal-iOS-SDK\/OneSignal-iOS-SDK\/iOS_SDK\/OneSignalSDK\/OneSignalLiveActivities\/Source\/Requests\/OSRequestRemoveStartToken.swift",
      "kind": "StringLiteral",
      "offset": 2533,
      "length": 1,
      "value": "\"\""
    },
    {
      "filePath": "\/Users\/runner\/work\/OneSignal-iOS-SDK\/OneSignal-iOS-SDK\/iOS_SDK\/OneSignalSDK\/OneSignalLiveActivities\/Source\/Requests\/OSRequestRemoveStartToken.swift",
      "kind": "BooleanLiteral",
      "offset": 2580,
      "length": 4,
      "value": "true"
    },
    {
      "filePath": "\/Users\/runner\/work\/OneSignal-iOS-SDK\/OneSignal-iOS-SDK\/iOS_SDK\/OneSignalSDK\/OneSignalLiveActivities\/Source\/Requests\/OSRequestRemoveStartToken.swift",
      "kind": "BooleanLiteral",
      "offset": 2997,
      "length": 5,
      "value": "false"
    },
    {
      "filePath": "\/Users\/runner\/work\/OneSignal-iOS-SDK\/OneSignal-iOS-SDK\/iOS_SDK\/OneSignalSDK\/OneSignalLiveActivities\/Source\/Requests\/OSRequestRemoveStartToken.swift",
      "kind": "StringLiteral",
      "offset": 3104,
      "length": 5,
      "value": "\"key\""
    },
    {
      "filePath": "\/Users\/runner\/work\/OneSignal-iOS-SDK\/OneSignal-iOS-SDK\/iOS_SDK\/OneSignalSDK\/OneSignalLiveActivities\/Source\/Requests\/OSRequestRemoveStartToken.swift",
      "kind": "StringLiteral",
      "offset": 3159,
      "length": 19,
      "value": "\"requestSuccessful\""
    },
    {
      "filePath": "\/Users\/runner\/work\/OneSignal-iOS-SDK\/OneSignal-iOS-SDK\/iOS_SDK\/OneSignalSDK\/OneSignalLiveActivities\/Source\/Requests\/OSRequestRemoveStartToken.swift",
      "kind": "StringLiteral",
      "offset": 3220,
      "length": 11,
      "value": "\"timestamp\""
    },
    {
      "filePath": "\/Users\/runner\/work\/OneSignal-iOS-SDK\/OneSignal-iOS-SDK\/iOS_SDK\/OneSignalSDK\/OneSignalLiveActivities\/Source\/Requests\/OSRequestRemoveStartToken.swift",
      "kind": "StringLiteral",
      "offset": 3340,
      "length": 5,
      "value": "\"key\""
    },
    {
      "filePath": "\/Users\/runner\/work\/OneSignal-iOS-SDK\/OneSignal-iOS-SDK\/iOS_SDK\/OneSignalSDK\/OneSignalLiveActivities\/Source\/Requests\/OSRequestRemoveStartToken.swift",
      "kind": "StringLiteral",
      "offset": 3422,
      "length": 19,
      "value": "\"requestSuccessful\""
    },
    {
      "filePath": "\/Users\/runner\/work\/OneSignal-iOS-SDK\/OneSignal-iOS-SDK\/iOS_SDK\/OneSignalSDK\/OneSignalLiveActivities\/Source\/Requests\/OSRequestRemoveStartToken.swift",
      "kind": "StringLiteral",
      "offset": 3508,
      "length": 11,
      "value": "\"timestamp\""
    },
    {
      "filePath": "\/Users\/runner\/work\/OneSignal-iOS-SDK\/OneSignal-iOS-SDK\/iOS_SDK\/OneSignalSDK\/OneSignalLiveActivities\/Source\/Requests\/OSRequestRemoveStartToken.swift",
      "kind": "StringLiteral",
      "offset": 1273,
      "length": 25,
      "value": "\"OneSignalLiveActivities.OSRequestRemoveStartToken\""
    },
    {
      "filePath": "\/Users\/runner\/work\/OneSignal-iOS-SDK\/OneSignal-iOS-SDK\/iOS_SDK\/OneSignalSDK\/OneSignalLiveActivities\/Source\/Requests\/OSRequestSetUpdateToken.swift",
      "kind": "StringLiteral",
      "offset": 1420,
      "length": 92,
      "value": "\"(OSRequestSetUpdateToken) key:\""
    },
    {
      "filePath": "\/Users\/runner\/work\/OneSignal-iOS-SDK\/OneSignal-iOS-SDK\/iOS_SDK\/OneSignalSDK\/OneSignalLiveActivities\/Source\/Requests\/OSRequestSetUpdateToken.swift",
      "kind": "StringLiteral",
      "offset": 1457,
      "length": 17,
      "value": "\" requestSuccessful:\""
    },
    {
      "filePath": "\/Users\/runner\/work\/OneSignal-iOS-SDK\/OneSignal-iOS-SDK\/iOS_SDK\/OneSignalSDK\/OneSignalLiveActivities\/Source\/Requests\/OSRequestSetUpdateToken.swift",
      "kind": "StringLiteral",
      "offset": 1496,
      "length": 5,
      "value": "\" token:\""
    },
    {
      "filePath": "\/Users\/runner\/work\/OneSignal-iOS-SDK\/OneSignal-iOS-SDK\/iOS_SDK\/OneSignalSDK\/OneSignalLiveActivities\/Source\/Requests\/OSRequestSetUpdateToken.swift",
      "kind": "StringLiteral",
      "offset": 1511,
      "length": 3,
      "value": "\"\""
    },
    {
      "filePath": "\/Users\/runner\/work\/OneSignal-iOS-SDK\/OneSignal-iOS-SDK\/iOS_SDK\/OneSignalSDK\/OneSignalLiveActivities\/Source\/Requests\/OSRequestSetUpdateToken.swift",
      "kind": "BooleanLiteral",
      "offset": 1633,
      "length": 5,
      "value": "false"
    },
    {
      "filePath": "\/Users\/runner\/work\/OneSignal-iOS-SDK\/OneSignal-iOS-SDK\/iOS_SDK\/OneSignalSDK\/OneSignalLiveActivities\/Source\/Requests\/OSRequestSetUpdateToken.swift",
      "kind": "StringLiteral",
      "offset": 1806,
      "length": 66,
      "value": "\"Cannot generate the set update token request due to null app ID.\""
    },
    {
      "filePath": "\/Users\/runner\/work\/OneSignal-iOS-SDK\/OneSignal-iOS-SDK\/iOS_SDK\/OneSignalSDK\/OneSignalLiveActivities\/Source\/Requests\/OSRequestSetUpdateToken.swift",
      "kind": "BooleanLiteral",
      "offset": 1893,
      "length": 5,
      "value": "false"
    },
    {
      "filePath": "\/Users\/runner\/work\/OneSignal-iOS-SDK\/OneSignal-iOS-SDK\/iOS_SDK\/OneSignalSDK\/OneSignalLiveActivities\/Source\/Requests\/OSRequestSetUpdateToken.swift",
      "kind": "StringLiteral",
      "offset": 2069,
      "length": 75,
      "value": "\"Cannot generate the set update token request due to null subscription ID.\""
    },
    {
      "filePath": "\/Users\/runner\/work\/OneSignal-iOS-SDK\/OneSignal-iOS-SDK\/iOS_SDK\/OneSignalSDK\/OneSignalLiveActivities\/Source\/Requests\/OSRequestSetUpdateToken.swift",
      "kind": "BooleanLiteral",
      "offset": 2165,
      "length": 5,
      "value": "false"
    },
    {
      "filePath": "\/Users\/runner\/work\/OneSignal-iOS-SDK\/OneSignal-iOS-SDK\/iOS_SDK\/OneSignalSDK\/OneSignalLiveActivities\/Source\/Requests\/OSRequestSetUpdateToken.swift",
      "kind": "StringLiteral",
      "offset": 2363,
      "length": 55,
      "value": "\"Cannot translate activity type to url encoded string.\""
    },
    {
      "filePath": "\/Users\/runner\/work\/OneSignal-iOS-SDK\/OneSignal-iOS-SDK\/iOS_SDK\/OneSignalSDK\/OneSignalLiveActivities\/Source\/Requests\/OSRequestSetUpdateToken.swift",
      "kind": "BooleanLiteral",
      "offset": 2439,
      "length": 5,
      "value": "false"
    },
    {
      "filePath": "\/Users\/runner\/work\/OneSignal-iOS-SDK\/OneSignal-iOS-SDK\/iOS_SDK\/OneSignalSDK\/OneSignalLiveActivities\/Source\/Requests\/OSRequestSetUpdateToken.swift",
      "kind": "StringLiteral",
      "offset": 2655,
      "length": 51,
      "value": "\"apps\/\""
    },
    {
      "filePath": "\/Users\/runner\/work\/OneSignal-iOS-SDK\/OneSignal-iOS-SDK\/iOS_SDK\/OneSignalSDK\/OneSignalLiveActivities\/Source\/Requests\/OSRequestSetUpdateToken.swift",
      "kind": "StringLiteral",
      "offset": 2669,
      "length": 1,
      "value": "\"\/live_activities\/\""
    },
    {
      "filePath": "\/Users\/runner\/work\/OneSignal-iOS-SDK\/OneSignal-iOS-SDK\/iOS_SDK\/OneSignalSDK\/OneSignalLiveActivities\/Source\/Requests\/OSRequestSetUpdateToken.swift",
      "kind": "StringLiteral",
      "offset": 2699,
      "length": 1,
      "value": "\"\/token\""
    },
    {
      "filePath": "\/Users\/runner\/work\/OneSignal-iOS-SDK\/OneSignal-iOS-SDK\/iOS_SDK\/OneSignalSDK\/OneSignalLiveActivities\/Source\/Requests\/OSRequestSetUpdateToken.swift",
      "kind": "StringLiteral",
      "offset": 2734,
      "length": 17,
      "value": "\"subscription_id\""
    },
    {
      "filePath": "\/Users\/runner\/work\/OneSignal-iOS-SDK\/OneSignal-iOS-SDK\/iOS_SDK\/OneSignalSDK\/OneSignalLiveActivities\/Source\/Requests\/OSRequestSetUpdateToken.swift",
      "kind": "StringLiteral",
      "offset": 2769,
      "length": 12,
      "value": "\"push_token\""
    },
    {
      "filePath": "\/Users\/runner\/work\/OneSignal-iOS-SDK\/OneSignal-iOS-SDK\/iOS_SDK\/OneSignalSDK\/OneSignalLiveActivities\/Source\/Requests\/OSRequestSetUpdateToken.swift",
      "kind": "StringLiteral",
      "offset": 2795,
      "length": 13,
      "value": "\"device_type\""
    },
    {
      "filePath": "\/Users\/runner\/work\/OneSignal-iOS-SDK\/OneSignal-iOS-SDK\/iOS_SDK\/OneSignalSDK\/OneSignalLiveActivities\/Source\/Requests\/OSRequestSetUpdateToken.swift",
      "kind": "IntegerLiteral",
      "offset": 2810,
      "length": 1,
      "value": "0"
    },
    {
      "filePath": "\/Users\/runner\/work\/OneSignal-iOS-SDK\/OneSignal-iOS-SDK\/iOS_SDK\/OneSignalSDK\/OneSignalLiveActivities\/Source\/Requests\/OSRequestSetUpdateToken.swift",
      "kind": "BooleanLiteral",
      "offset": 2856,
      "length": 4,
      "value": "true"
    },
    {
      "filePath": "\/Users\/runner\/work\/OneSignal-iOS-SDK\/OneSignal-iOS-SDK\/iOS_SDK\/OneSignalSDK\/OneSignalLiveActivities\/Source\/Requests\/OSRequestSetUpdateToken.swift",
      "kind": "BooleanLiteral",
      "offset": 3087,
      "length": 5,
      "value": "false"
    },
    {
      "filePath": "\/Users\/runner\/work\/OneSignal-iOS-SDK\/OneSignal-iOS-SDK\/iOS_SDK\/OneSignalSDK\/OneSignalLiveActivities\/Source\/Requests\/OSRequestSetUpdateToken.swift",
      "kind": "BooleanLiteral",
      "offset": 3500,
      "length": 5,
      "value": "false"
    },
    {
      "filePath": "\/Users\/runner\/work\/OneSignal-iOS-SDK\/OneSignal-iOS-SDK\/iOS_SDK\/OneSignalSDK\/OneSignalLiveActivities\/Source\/Requests\/OSRequestSetUpdateToken.swift",
      "kind": "StringLiteral",
      "offset": 3607,
      "length": 5,
      "value": "\"key\""
    },
    {
      "filePath": "\/Users\/runner\/work\/OneSignal-iOS-SDK\/OneSignal-iOS-SDK\/iOS_SDK\/OneSignalSDK\/OneSignalLiveActivities\/Source\/Requests\/OSRequestSetUpdateToken.swift",
      "kind": "StringLiteral",
      "offset": 3650,
      "length": 7,
      "value": "\"token\""
    },
    {
      "filePath": "\/Users\/runner\/work\/OneSignal-iOS-SDK\/OneSignal-iOS-SDK\/iOS_SDK\/OneSignalSDK\/OneSignalLiveActivities\/Source\/Requests\/OSRequestSetUpdateToken.swift",
      "kind": "StringLiteral",
      "offset": 3707,
      "length": 19,
      "value": "\"requestSuccessful\""
    },
    {
      "filePath": "\/Users\/runner\/work\/OneSignal-iOS-SDK\/OneSignal-iOS-SDK\/iOS_SDK\/OneSignalSDK\/OneSignalLiveActivities\/Source\/Requests\/OSRequestSetUpdateToken.swift",
      "kind": "StringLiteral",
      "offset": 3768,
      "length": 11,
      "value": "\"timestamp\""
    },
    {
      "filePath": "\/Users\/runner\/work\/OneSignal-iOS-SDK\/OneSignal-iOS-SDK\/iOS_SDK\/OneSignalSDK\/OneSignalLiveActivities\/Source\/Requests\/OSRequestSetUpdateToken.swift",
      "kind": "StringLiteral",
      "offset": 3888,
      "length": 5,
      "value": "\"key\""
    },
    {
      "filePath": "\/Users\/runner\/work\/OneSignal-iOS-SDK\/OneSignal-iOS-SDK\/iOS_SDK\/OneSignalSDK\/OneSignalLiveActivities\/Source\/Requests\/OSRequestSetUpdateToken.swift",
      "kind": "StringLiteral",
      "offset": 3958,
      "length": 7,
      "value": "\"token\""
    },
    {
      "filePath": "\/Users\/runner\/work\/OneSignal-iOS-SDK\/OneSignal-iOS-SDK\/iOS_SDK\/OneSignalSDK\/OneSignalLiveActivities\/Source\/Requests\/OSRequestSetUpdateToken.swift",
      "kind": "StringLiteral",
      "offset": 4034,
      "length": 11,
      "value": "\"timestamp\""
    },
    {
      "filePath": "\/Users\/runner\/work\/OneSignal-iOS-SDK\/OneSignal-iOS-SDK\/iOS_SDK\/OneSignalSDK\/OneSignalLiveActivities\/Source\/Requests\/OSRequestSetUpdateToken.swift",
      "kind": "StringLiteral",
      "offset": 4237,
      "length": 19,
      "value": "\"requestSuccessful\""
    },
    {
      "filePath": "\/Users\/runner\/work\/OneSignal-iOS-SDK\/OneSignal-iOS-SDK\/iOS_SDK\/OneSignalSDK\/OneSignalLiveActivities\/Source\/Requests\/OSRequestSetUpdateToken.swift",
      "kind": "StringLiteral",
      "offset": 1273,
      "length": 23,
      "value": "\"OneSignalLiveActivities.OSRequestSetUpdateToken\""
    }
  ]
}