{
  "ABIRoot": {
    "kind": "Root",
    "name": "TopLevel",
    "printedName": "TopLevel",
    "children": [
      {
        "kind": "Import",
        "name": "Foundation",
        "printedName": "Foundation",
        "declKind": "Import",
        "moduleName": "OneSignalFramework",
        "declAttributes": [
          "RawDocComment"
        ]
      },
      {
        "kind": "Import",
        "name": "OneSignalUser",
        "printedName": "OneSignalUser",
        "declKind": "Import",
        "moduleName": "OneSignalFramework"
      },
      {
        "kind": "Import",
        "name": "OneSignalOutcomes",
        "printedName": "OneSignalOutcomes",
        "declKind": "Import",
        "moduleName": "OneSignalFramework"
      },
      {
        "kind": "Import",
        "name": "OneSignalNotifications",
        "printedName": "OneSignalNotifications",
        "declKind": "Import",
        "moduleName": "OneSignalFramework"
      },
      {
        "kind": "TypeDecl",
        "name": "OneSignal",
        "printedName": "OneSignal",
        "children": [
          {
            "kind": "Var",
            "name": "User",
            "printedName": "User",
            "children": [
              {
                "kind": "TypeNominal",
                "name": "OSUser",
                "printedName": "OneSignalUser.OSUser",
                "usr": "c:@M@OneSignalUser@objc(pl)OSUser"
              }
            ],
            "declKind": "Var",
            "usr": "s:So9OneSignalC0aB9FrameworkE4User0abD06OSUser_pvpZ",
            "mangledName": "$sSo9OneSignalC0aB9FrameworkE4User0abD06OSUser_pvpZ",
            "moduleName": "OneSignalFramework",
            "static": true,
            "declAttributes": [
              "Final"
            ],
            "isFromExtension": true,
            "accessors": [
              {
                "kind": "Accessor",
                "name": "Get",
                "printedName": "Get()",
                "children": [
                  {
                    "kind": "TypeNominal",
                    "name": "OSUser",
                    "printedName": "OneSignalUser.OSUser",
                    "usr": "c:@M@OneSignalUser@objc(pl)OSUser"
                  }
                ],
                "declKind": "Accessor",
                "usr": "s:So9OneSignalC0aB9FrameworkE4User0abD06OSUser_pvgZ",
                "mangledName": "$sSo9OneSignalC0aB9FrameworkE4User0abD06OSUser_pvgZ",
                "moduleName": "OneSignalFramework",
                "static": true,
                "declAttributes": [
                  "Final"
                ],
                "isFromExtension": true,
                "accessorKind": "get"
              }
            ]
          },
          {
            "kind": "Var",
            "name": "Notifications",
            "printedName": "Notifications",
            "children": [
              {
                "kind": "TypeNominal",
                "name": "ExistentialMetatype",
                "printedName": "OneSignalNotifications.OSNotifications.Type",
                "children": [
                  {
                    "kind": "TypeNominal",
                    "name": "OSNotifications",
                    "printedName": "OneSignalNotifications.OSNotifications",
                    "usr": "c:objc(pl)OSNotifications"
                  }
                ]
              }
            ],
            "declKind": "Var",
            "usr": "s:So9OneSignalC0aB9FrameworkE13NotificationsSo15OSNotifications_pXpvpZ",
            "mangledName": "$sSo9OneSignalC0aB9FrameworkE13NotificationsSo15OSNotifications_pXpvpZ",
            "moduleName": "OneSignalFramework",
            "static": true,
            "declAttributes": [
              "Final"
            ],
            "isFromExtension": true,
            "accessors": [
              {
                "kind": "Accessor",
                "name": "Get",
                "printedName": "Get()",
                "children": [
                  {
                    "kind": "TypeNominal",
                    "name": "ExistentialMetatype",
                    "printedName": "OneSignalNotifications.OSNotifications.Type",
                    "children": [
                      {
                        "kind": "TypeNominal",
                        "name": "OSNotifications",
                        "printedName": "OneSignalNotifications.OSNotifications",
                        "usr": "c:objc(pl)OSNotifications"
                      }
                    ]
                  }
                ],
                "declKind": "Accessor",
                "usr": "s:So9OneSignalC0aB9FrameworkE13NotificationsSo15OSNotifications_pXpvgZ",
                "mangledName": "$sSo9OneSignalC0aB9FrameworkE13NotificationsSo15OSNotifications_pXpvgZ",
                "moduleName": "OneSignalFramework",
                "static": true,
                "declAttributes": [
                  "Final"
                ],
                "isFromExtension": true,
                "accessorKind": "get"
              }
            ]
          },
          {
            "kind": "Var",
            "name": "Session",
            "printedName": "Session",
            "children": [
              {
                "kind": "TypeNominal",
                "name": "ExistentialMetatype",
                "printedName": "OneSignalOutcomes.OSSession.Type",
                "children": [
                  {
                    "kind": "TypeNominal",
                    "name": "OSSession",
                    "printedName": "OneSignalOutcomes.OSSession",
                    "usr": "c:objc(pl)OSSession"
                  }
                ]
              }
            ],
            "declKind": "Var",
            "usr": "s:So9OneSignalC0aB9FrameworkE7SessionSo9OSSession_pXpvpZ",
            "mangledName": "$sSo9OneSignalC0aB9FrameworkE7SessionSo9OSSession_pXpvpZ",
            "moduleName": "OneSignalFramework",
            "static": true,
            "declAttributes": [
              "Final"
            ],
            "isFromExtension": true,
            "accessors": [
              {
                "kind": "Accessor",
                "name": "Get",
                "printedName": "Get()",
                "children": [
                  {
                    "kind": "TypeNominal",
                    "name": "ExistentialMetatype",
                    "printedName": "OneSignalOutcomes.OSSession.Type",
                    "children": [
                      {
                        "kind": "TypeNominal",
                        "name": "OSSession",
                        "printedName": "OneSignalOutcomes.OSSession",
                        "usr": "c:objc(pl)OSSession"
                      }
                    ]
                  }
                ],
                "declKind": "Accessor",
                "usr": "s:So9OneSignalC0aB9FrameworkE7SessionSo9OSSession_pXpvgZ",
                "mangledName": "$sSo9OneSignalC0aB9FrameworkE7SessionSo9OSSession_pXpvgZ",
                "moduleName": "OneSignalFramework",
                "static": true,
                "declAttributes": [
                  "Final"
                ],
                "isFromExtension": true,
                "accessorKind": "get"
              }
            ]
          },
          {
            "kind": "Var",
            "name": "InAppMessages",
            "printedName": "InAppMessages",
            "children": [
              {
                "kind": "TypeNominal",
                "name": "ExistentialMetatype",
                "printedName": "OneSignalFramework.OSInAppMessages.Type",
                "children": [
                  {
                    "kind": "TypeNominal",
                    "name": "OSInAppMessages",
                    "printedName": "OneSignalFramework.OSInAppMessages",
                    "usr": "c:objc(pl)OSInAppMessages"
                  }
                ]
              }
            ],
            "declKind": "Var",
            "usr": "s:So9OneSignalC0aB9FrameworkE13InAppMessagesSo04OSIneF0_pXpvpZ",
            "mangledName": "$sSo9OneSignalC0aB9FrameworkE13InAppMessagesSo04OSIneF0_pXpvpZ",
            "moduleName": "OneSignalFramework",
            "static": true,
            "declAttributes": [
              "Final"
            ],
            "isFromExtension": true,
            "accessors": [
              {
                "kind": "Accessor",
                "name": "Get",
                "printedName": "Get()",
                "children": [
                  {
                    "kind": "TypeNominal",
                    "name": "ExistentialMetatype",
                    "printedName": "OneSignalFramework.OSInAppMessages.Type",
                    "children": [
                      {
                        "kind": "TypeNominal",
                        "name": "OSInAppMessages",
                        "printedName": "OneSignalFramework.OSInAppMessages",
                        "usr": "c:objc(pl)OSInAppMessages"
                      }
                    ]
                  }
                ],
                "declKind": "Accessor",
                "usr": "s:So9OneSignalC0aB9FrameworkE13InAppMessagesSo04OSIneF0_pXpvgZ",
                "mangledName": "$sSo9OneSignalC0aB9FrameworkE13InAppMessagesSo04OSIneF0_pXpvgZ",
                "moduleName": "OneSignalFramework",
                "static": true,
                "declAttributes": [
                  "Final"
                ],
                "isFromExtension": true,
                "accessorKind": "get"
              }
            ]
          },
          {
            "kind": "Var",
            "name": "Debug",
            "printedName": "Debug",
            "children": [
              {
                "kind": "TypeNominal",
                "name": "ExistentialMetatype",
                "printedName": "OneSignalCore.OSDebug.Type",
                "children": [
                  {
                    "kind": "TypeNominal",
                    "name": "OSDebug",
                    "printedName": "OneSignalCore.OSDebug",
                    "usr": "c:objc(pl)OSDebug"
                  }
                ]
              }
            ],
            "declKind": "Var",
            "usr": "s:So9OneSignalC0aB9FrameworkE5DebugSo7OSDebug_pXpvpZ",
            "mangledName": "$sSo9OneSignalC0aB9FrameworkE5DebugSo7OSDebug_pXpvpZ",
            "moduleName": "OneSignalFramework",
            "static": true,
            "declAttributes": [
              "Final"
            ],
            "isFromExtension": true,
            "accessors": [
              {
                "kind": "Accessor",
                "name": "Get",
                "printedName": "Get()",
                "children": [
                  {
                    "kind": "TypeNominal",
                    "name": "ExistentialMetatype",
                    "printedName": "OneSignalCore.OSDebug.Type",
                    "children": [
                      {
                        "kind": "TypeNominal",
                        "name": "OSDebug",
                        "printedName": "OneSignalCore.OSDebug",
                        "usr": "c:objc(pl)OSDebug"
                      }
                    ]
                  }
                ],
                "declKind": "Accessor",
                "usr": "s:So9OneSignalC0aB9FrameworkE5DebugSo7OSDebug_pXpvgZ",
                "mangledName": "$sSo9OneSignalC0aB9FrameworkE5DebugSo7OSDebug_pXpvgZ",
                "moduleName": "OneSignalFramework",
                "static": true,
                "declAttributes": [
                  "Final"
                ],
                "isFromExtension": true,
                "accessorKind": "get"
              }
            ]
          },
          {
            "kind": "Var",
            "name": "Location",
            "printedName": "Location",
            "children": [
              {
                "kind": "TypeNominal",
                "name": "ExistentialMetatype",
                "printedName": "OneSignalFramework.OSLocation.Type",
                "children": [
                  {
                    "kind": "TypeNominal",
                    "name": "OSLocation",
                    "printedName": "OneSignalFramework.OSLocation",
                    "usr": "c:objc(pl)OSLocation"
                  }
                ]
              }
            ],
            "declKind": "Var",
            "usr": "s:So9OneSignalC0aB9FrameworkE8LocationSo10OSLocation_pXpvpZ",
            "mangledName": "$sSo9OneSignalC0aB9FrameworkE8LocationSo10OSLocation_pXpvpZ",
            "moduleName": "OneSignalFramework",
            "static": true,
            "declAttributes": [
              "Final"
            ],
            "isFromExtension": true,
            "accessors": [
              {
                "kind": "Accessor",
                "name": "Get",
                "printedName": "Get()",
                "children": [
                  {
                    "kind": "TypeNominal",
                    "name": "ExistentialMetatype",
                    "printedName": "OneSignalFramework.OSLocation.Type",
                    "children": [
                      {
                        "kind": "TypeNominal",
                        "name": "OSLocation",
                        "printedName": "OneSignalFramework.OSLocation",
                        "usr": "c:objc(pl)OSLocation"
                      }
                    ]
                  }
                ],
                "declKind": "Accessor",
                "usr": "s:So9OneSignalC0aB9FrameworkE8LocationSo10OSLocation_pXpvgZ",
                "mangledName": "$sSo9OneSignalC0aB9FrameworkE8LocationSo10OSLocation_pXpvgZ",
                "moduleName": "OneSignalFramework",
                "static": true,
                "declAttributes": [
                  "Final"
                ],
                "isFromExtension": true,
                "accessorKind": "get"
              }
            ]
          },
          {
            "kind": "Var",
            "name": "requiresPrivacyConsent",
            "printedName": "requiresPrivacyConsent",
            "children": [
              {
                "kind": "TypeNominal",
                "name": "Bool",
                "printedName": "Swift.Bool",
                "usr": "s:Sb"
              }
            ],
            "declKind": "Var",
            "usr": "s:So9OneSignalC0aB9FrameworkE22requiresPrivacyConsentSbvpZ",
            "mangledName": "$sSo9OneSignalC0aB9FrameworkE22requiresPrivacyConsentSbvpZ",
            "moduleName": "OneSignalFramework",
            "static": true,
            "declAttributes": [
              "Final"
            ],
            "isFromExtension": true,
            "accessors": [
              {
                "kind": "Accessor",
                "name": "Get",
                "printedName": "Get()",
                "children": [
                  {
                    "kind": "TypeNominal",
                    "name": "Bool",
                    "printedName": "Swift.Bool",
                    "usr": "s:Sb"
                  }
                ],
                "declKind": "Accessor",
                "usr": "s:So9OneSignalC0aB9FrameworkE22requiresPrivacyConsentSbvgZ",
                "mangledName": "$sSo9OneSignalC0aB9FrameworkE22requiresPrivacyConsentSbvgZ",
                "moduleName": "OneSignalFramework",
                "static": true,
                "declAttributes": [
                  "Final"
                ],
                "isFromExtension": true,
                "accessorKind": "get"
              },
              {
                "kind": "Accessor",
                "name": "Set",
                "printedName": "Set()",
                "children": [
                  {
                    "kind": "TypeNominal",
                    "name": "Void",
                    "printedName": "()"
                  },
                  {
                    "kind": "TypeNominal",
                    "name": "Bool",
                    "printedName": "Swift.Bool",
                    "usr": "s:Sb"
                  }
                ],
                "declKind": "Accessor",
                "usr": "s:So9OneSignalC0aB9FrameworkE22requiresPrivacyConsentSbvsZ",
                "mangledName": "$sSo9OneSignalC0aB9FrameworkE22requiresPrivacyConsentSbvsZ",
                "moduleName": "OneSignalFramework",
                "static": true,
                "declAttributes": [
                  "Final"
                ],
                "isFromExtension": true,
                "accessorKind": "set"
              },
              {
                "kind": "Accessor",
                "name": "Modify",
                "printedName": "Modify()",
                "children": [
                  {
                    "kind": "TypeNominal",
                    "name": "Void",
                    "printedName": "()"
                  }
                ],
                "declKind": "Accessor",
                "usr": "s:So9OneSignalC0aB9FrameworkE22requiresPrivacyConsentSbvMZ",
                "mangledName": "$sSo9OneSignalC0aB9FrameworkE22requiresPrivacyConsentSbvMZ",
                "moduleName": "OneSignalFramework",
                "static": true,
                "implicit": true,
                "declAttributes": [
                  "Final"
                ],
                "isFromExtension": true,
                "accessorKind": "_modify"
              }
            ]
          },
          {
            "kind": "Var",
            "name": "privacyConsent",
            "printedName": "privacyConsent",
            "children": [
              {
                "kind": "TypeNominal",
                "name": "Bool",
                "printedName": "Swift.Bool",
                "usr": "s:Sb"
              }
            ],
            "declKind": "Var",
            "usr": "s:So9OneSignalC0aB9FrameworkE14privacyConsentSbvpZ",
            "mangledName": "$sSo9OneSignalC0aB9FrameworkE14privacyConsentSbvpZ",
            "moduleName": "OneSignalFramework",
            "static": true,
            "declAttributes": [
              "Final"
            ],
            "isFromExtension": true,
            "accessors": [
              {
                "kind": "Accessor",
                "name": "Get",
                "printedName": "Get()",
                "children": [
                  {
                    "kind": "TypeNominal",
                    "name": "Bool",
                    "printedName": "Swift.Bool",
                    "usr": "s:Sb"
                  }
                ],
                "declKind": "Accessor",
                "usr": "s:So9OneSignalC0aB9FrameworkE14privacyConsentSbvgZ",
                "mangledName": "$sSo9OneSignalC0aB9FrameworkE14privacyConsentSbvgZ",
                "moduleName": "OneSignalFramework",
                "static": true,
                "declAttributes": [
                  "Final"
                ],
                "isFromExtension": true,
                "accessorKind": "get"
              },
              {
                "kind": "Accessor",
                "name": "Set",
                "printedName": "Set()",
                "children": [
                  {
                    "kind": "TypeNominal",
                    "name": "Void",
                    "printedName": "()"
                  },
                  {
                    "kind": "TypeNominal",
                    "name": "Bool",
                    "printedName": "Swift.Bool",
                    "usr": "s:Sb"
                  }
                ],
                "declKind": "Accessor",
                "usr": "s:So9OneSignalC0aB9FrameworkE14privacyConsentSbvsZ",
                "mangledName": "$sSo9OneSignalC0aB9FrameworkE14privacyConsentSbvsZ",
                "moduleName": "OneSignalFramework",
                "static": true,
                "declAttributes": [
                  "Final"
                ],
                "isFromExtension": true,
                "accessorKind": "set"
              },
              {
                "kind": "Accessor",
                "name": "Modify",
                "printedName": "Modify()",
                "children": [
                  {
                    "kind": "TypeNominal",
                    "name": "Void",
                    "printedName": "()"
                  }
                ],
                "declKind": "Accessor",
                "usr": "s:So9OneSignalC0aB9FrameworkE14privacyConsentSbvMZ",
                "mangledName": "$sSo9OneSignalC0aB9FrameworkE14privacyConsentSbvMZ",
                "moduleName": "OneSignalFramework",
                "static": true,
                "implicit": true,
                "declAttributes": [
                  "Final"
                ],
                "isFromExtension": true,
                "accessorKind": "_modify"
              }
            ]
          }
        ],
        "declKind": "Class",
        "usr": "c:objc(cs)OneSignal",
        "moduleName": "OneSignalFramework",
        "isOpen": true,
        "objc_name": "OneSignal",
        "declAttributes": [
          "ObjC",
          "Dynamic"
        ],
        "superclassUsr": "c:objc(cs)NSObject",
        "isExternal": true,
        "inheritsConvenienceInitializers": true,
        "superclassNames": [
          "ObjectiveC.NSObject"
        ],
        "conformances": [
          {
            "kind": "Conformance",
            "name": "Equatable",
            "printedName": "Equatable",
            "usr": "s:SQ",
            "mangledName": "$sSQ"
          },
          {
            "kind": "Conformance",
            "name": "Hashable",
            "printedName": "Hashable",
            "usr": "s:SH",
            "mangledName": "$sSH"
          },
          {
            "kind": "Conformance",
            "name": "CVarArg",
            "printedName": "CVarArg",
            "usr": "s:s7CVarArgP",
            "mangledName": "$ss7CVarArgP"
          },
          {
            "kind": "Conformance",
            "name": "_KeyValueCodingAndObservingPublishing",
            "printedName": "_KeyValueCodingAndObservingPublishing",
            "usr": "s:10Foundation37_KeyValueCodingAndObservingPublishingP",
            "mangledName": "$s10Foundation37_KeyValueCodingAndObservingPublishingP"
          },
          {
            "kind": "Conformance",
            "name": "_KeyValueCodingAndObserving",
            "printedName": "_KeyValueCodingAndObserving",
            "usr": "s:10Foundation27_KeyValueCodingAndObservingP",
            "mangledName": "$s10Foundation27_KeyValueCodingAndObservingP"
          },
          {
            "kind": "Conformance",
            "name": "CustomStringConvertible",
            "printedName": "CustomStringConvertible",
            "usr": "s:s23CustomStringConvertibleP",
            "mangledName": "$ss23CustomStringConvertibleP"
          },
          {
            "kind": "Conformance",
            "name": "CustomDebugStringConvertible",
            "printedName": "CustomDebugStringConvertible",
            "usr": "s:s28CustomDebugStringConvertibleP",
            "mangledName": "$ss28CustomDebugStringConvertibleP"
          }
        ]
      },
      {
        "kind": "TypeDecl",
        "name": "OSInAppMessages",
        "printedName": "OSInAppMessages",
        "children": [
          {
            "kind": "Var",
            "name": "Paused",
            "printedName": "Paused",
            "children": [
              {
                "kind": "TypeNominal",
                "name": "Bool",
                "printedName": "Swift.Bool",
                "usr": "s:Sb"
              }
            ],
            "declKind": "Var",
            "usr": "s:So15OSInAppMessagesP18OneSignalFrameworkE6PausedSbvpZ",
            "mangledName": "$sSo15OSInAppMessagesP18OneSignalFrameworkE6PausedSbvpZ",
            "moduleName": "OneSignalFramework",
            "static": true,
            "isFromExtension": true,
            "accessors": [
              {
                "kind": "Accessor",
                "name": "Get",
                "printedName": "Get()",
                "children": [
                  {
                    "kind": "TypeNominal",
                    "name": "Bool",
                    "printedName": "Swift.Bool",
                    "usr": "s:Sb"
                  }
                ],
                "declKind": "Accessor",
                "usr": "s:So15OSInAppMessagesP18OneSignalFrameworkE6PausedSbvgZ",
                "mangledName": "$sSo15OSInAppMessagesP18OneSignalFrameworkE6PausedSbvgZ",
                "moduleName": "OneSignalFramework",
                "genericSig": "<τ_0_0 where τ_0_0 : OneSignalFramework.OSInAppMessages>",
                "sugared_genericSig": "<Self where Self : OneSignalFramework.OSInAppMessages>",
                "static": true,
                "isFromExtension": true,
                "accessorKind": "get"
              },
              {
                "kind": "Accessor",
                "name": "Set",
                "printedName": "Set()",
                "children": [
                  {
                    "kind": "TypeNominal",
                    "name": "Void",
                    "printedName": "()"
                  },
                  {
                    "kind": "TypeNominal",
                    "name": "Bool",
                    "printedName": "Swift.Bool",
                    "usr": "s:Sb"
                  }
                ],
                "declKind": "Accessor",
                "usr": "s:So15OSInAppMessagesP18OneSignalFrameworkE6PausedSbvsZ",
                "mangledName": "$sSo15OSInAppMessagesP18OneSignalFrameworkE6PausedSbvsZ",
                "moduleName": "OneSignalFramework",
                "genericSig": "<τ_0_0 where τ_0_0 : OneSignalFramework.OSInAppMessages>",
                "sugared_genericSig": "<Self where Self : OneSignalFramework.OSInAppMessages>",
                "static": true,
                "isFromExtension": true,
                "accessorKind": "set"
              },
              {
                "kind": "Accessor",
                "name": "Modify",
                "printedName": "Modify()",
                "children": [
                  {
                    "kind": "TypeNominal",
                    "name": "Void",
                    "printedName": "()"
                  }
                ],
                "declKind": "Accessor",
                "usr": "s:So15OSInAppMessagesP18OneSignalFrameworkE6PausedSbvMZ",
                "mangledName": "$sSo15OSInAppMessagesP18OneSignalFrameworkE6PausedSbvMZ",
                "moduleName": "OneSignalFramework",
                "genericSig": "<τ_0_0 where τ_0_0 : OneSignalFramework.OSInAppMessages>",
                "sugared_genericSig": "<Self where Self : OneSignalFramework.OSInAppMessages>",
                "static": true,
                "implicit": true,
                "isFromExtension": true,
                "accessorKind": "_modify"
              }
            ]
          }
        ],
        "declKind": "Protocol",
        "usr": "c:objc(pl)OSInAppMessages",
        "moduleName": "OneSignalFramework",
        "genericSig": "<τ_0_0 : ObjectiveC.NSObjectProtocol>",
        "sugared_genericSig": "<Self : ObjectiveC.NSObjectProtocol>",
        "objc_name": "OSInAppMessages",
        "declAttributes": [
          "ObjC",
          "Dynamic"
        ],
        "isExternal": true
      },
      {
        "kind": "TypeDecl",
        "name": "OSSession",
        "printedName": "OSSession",
        "children": [
          {
            "kind": "Function",
            "name": "addOutcome",
            "printedName": "addOutcome(_:_:)",
            "children": [
              {
                "kind": "TypeNominal",
                "name": "Void",
                "printedName": "()"
              },
              {
                "kind": "TypeNominal",
                "name": "String",
                "printedName": "Swift.String",
                "usr": "s:SS"
              },
              {
                "kind": "TypeNominal",
                "name": "NSNumber",
                "printedName": "Foundation.NSNumber",
                "usr": "c:objc(cs)NSNumber"
              }
            ],
            "declKind": "Func",
            "usr": "s:So9OSSessionP18OneSignalFrameworkE10addOutcomeyySS_So8NSNumberCtFZ",
            "mangledName": "$sSo9OSSessionP18OneSignalFrameworkE10addOutcomeyySS_So8NSNumberCtFZ",
            "moduleName": "OneSignalFramework",
            "genericSig": "<τ_0_0 where τ_0_0 : OneSignalOutcomes.OSSession>",
            "sugared_genericSig": "<Self where Self : OneSignalOutcomes.OSSession>",
            "static": true,
            "isFromExtension": true,
            "funcSelfKind": "NonMutating"
          }
        ],
        "declKind": "Protocol",
        "usr": "c:objc(pl)OSSession",
        "moduleName": "OneSignalOutcomes",
        "genericSig": "<τ_0_0 : ObjectiveC.NSObjectProtocol>",
        "sugared_genericSig": "<Self : ObjectiveC.NSObjectProtocol>",
        "objc_name": "OSSession",
        "declAttributes": [
          "ObjC",
          "Dynamic"
        ],
        "isExternal": true
      },
      {
        "kind": "TypeDecl",
        "name": "OSNotifications",
        "printedName": "OSNotifications",
        "children": [
          {
            "kind": "Var",
            "name": "permission",
            "printedName": "permission",
            "children": [
              {
                "kind": "TypeNominal",
                "name": "Bool",
                "printedName": "Swift.Bool",
                "usr": "s:Sb"
              }
            ],
            "declKind": "Var",
            "usr": "s:So15OSNotificationsP18OneSignalFrameworkE10permissionSbvpZ",
            "mangledName": "$sSo15OSNotificationsP18OneSignalFrameworkE10permissionSbvpZ",
            "moduleName": "OneSignalFramework",
            "static": true,
            "isFromExtension": true,
            "accessors": [
              {
                "kind": "Accessor",
                "name": "Get",
                "printedName": "Get()",
                "children": [
                  {
                    "kind": "TypeNominal",
                    "name": "Bool",
                    "printedName": "Swift.Bool",
                    "usr": "s:Sb"
                  }
                ],
                "declKind": "Accessor",
                "usr": "s:So15OSNotificationsP18OneSignalFrameworkE10permissionSbvgZ",
                "mangledName": "$sSo15OSNotificationsP18OneSignalFrameworkE10permissionSbvgZ",
                "moduleName": "OneSignalFramework",
                "genericSig": "<τ_0_0 where τ_0_0 : OneSignalNotifications.OSNotifications>",
                "sugared_genericSig": "<Self where Self : OneSignalNotifications.OSNotifications>",
                "static": true,
                "isFromExtension": true,
                "accessorKind": "get"
              }
            ]
          },
          {
            "kind": "Var",
            "name": "canRequestPermission",
            "printedName": "canRequestPermission",
            "children": [
              {
                "kind": "TypeNominal",
                "name": "Bool",
                "printedName": "Swift.Bool",
                "usr": "s:Sb"
              }
            ],
            "declKind": "Var",
            "usr": "s:So15OSNotificationsP18OneSignalFrameworkE20canRequestPermissionSbvpZ",
            "mangledName": "$sSo15OSNotificationsP18OneSignalFrameworkE20canRequestPermissionSbvpZ",
            "moduleName": "OneSignalFramework",
            "static": true,
            "isFromExtension": true,
            "accessors": [
              {
                "kind": "Accessor",
                "name": "Get",
                "printedName": "Get()",
                "children": [
                  {
                    "kind": "TypeNominal",
                    "name": "Bool",
                    "printedName": "Swift.Bool",
                    "usr": "s:Sb"
                  }
                ],
                "declKind": "Accessor",
                "usr": "s:So15OSNotificationsP18OneSignalFrameworkE20canRequestPermissionSbvgZ",
                "mangledName": "$sSo15OSNotificationsP18OneSignalFrameworkE20canRequestPermissionSbvgZ",
                "moduleName": "OneSignalFramework",
                "genericSig": "<τ_0_0 where τ_0_0 : OneSignalNotifications.OSNotifications>",
                "sugared_genericSig": "<Self where Self : OneSignalNotifications.OSNotifications>",
                "static": true,
                "isFromExtension": true,
                "accessorKind": "get"
              }
            ]
          },
          {
            "kind": "Function",
            "name": "registerForProvisionalAuthorization",
            "printedName": "registerForProvisionalAuthorization(_:)",
            "children": [
              {
                "kind": "TypeNominal",
                "name": "Void",
                "printedName": "()"
              },
              {
                "kind": "TypeNominal",
                "name": "Optional",
                "printedName": "((Swift.Bool) -> ())?",
                "children": [
                  {
                    "kind": "TypeFunc",
                    "name": "Function",
                    "printedName": "(Swift.Bool) -> ()",
                    "children": [
                      {
                        "kind": "TypeNominal",
                        "name": "Void",
                        "printedName": "()"
                      },
                      {
                        "kind": "TypeNominal",
                        "name": "Bool",
                        "printedName": "Swift.Bool",
                        "usr": "s:Sb"
                      }
                    ]
                  }
                ],
                "usr": "s:Sq"
              }
            ],
            "declKind": "Func",
            "usr": "s:So15OSNotificationsP18OneSignalFrameworkE35registerForProvisionalAuthorizationyyySbcSgFZ",
            "mangledName": "$sSo15OSNotificationsP18OneSignalFrameworkE35registerForProvisionalAuthorizationyyySbcSgFZ",
            "moduleName": "OneSignalFramework",
            "genericSig": "<τ_0_0 where τ_0_0 : OneSignalNotifications.OSNotifications>",
            "sugared_genericSig": "<Self where Self : OneSignalNotifications.OSNotifications>",
            "static": true,
            "isFromExtension": true,
            "funcSelfKind": "NonMutating"
          },
          {
            "kind": "Function",
            "name": "addPermissionObserver",
            "printedName": "addPermissionObserver(_:)",
            "children": [
              {
                "kind": "TypeNominal",
                "name": "Void",
                "printedName": "()"
              },
              {
                "kind": "TypeNominal",
                "name": "OSPermissionObserver",
                "printedName": "OneSignalNotifications.OSPermissionObserver",
                "usr": "c:objc(pl)OSPermissionObserver"
              }
            ],
            "declKind": "Func",
            "usr": "s:So15OSNotificationsP18OneSignalFrameworkE21addPermissionObserveryySo012OSPermissionG0_pFZ",
            "mangledName": "$sSo15OSNotificationsP18OneSignalFrameworkE21addPermissionObserveryySo012OSPermissionG0_pFZ",
            "moduleName": "OneSignalFramework",
            "genericSig": "<τ_0_0 where τ_0_0 : OneSignalNotifications.OSNotifications>",
            "sugared_genericSig": "<Self where Self : OneSignalNotifications.OSNotifications>",
            "static": true,
            "isFromExtension": true,
            "funcSelfKind": "NonMutating"
          },
          {
            "kind": "Function",
            "name": "removePermissionObserver",
            "printedName": "removePermissionObserver(_:)",
            "children": [
              {
                "kind": "TypeNominal",
                "name": "Void",
                "printedName": "()"
              },
              {
                "kind": "TypeNominal",
                "name": "OSPermissionObserver",
                "printedName": "OneSignalNotifications.OSPermissionObserver",
                "usr": "c:objc(pl)OSPermissionObserver"
              }
            ],
            "declKind": "Func",
            "usr": "s:So15OSNotificationsP18OneSignalFrameworkE24removePermissionObserveryySo012OSPermissionG0_pFZ",
            "mangledName": "$sSo15OSNotificationsP18OneSignalFrameworkE24removePermissionObserveryySo012OSPermissionG0_pFZ",
            "moduleName": "OneSignalFramework",
            "genericSig": "<τ_0_0 where τ_0_0 : OneSignalNotifications.OSNotifications>",
            "sugared_genericSig": "<Self where Self : OneSignalNotifications.OSNotifications>",
            "static": true,
            "isFromExtension": true,
            "funcSelfKind": "NonMutating"
          }
        ],
        "declKind": "Protocol",
        "usr": "c:objc(pl)OSNotifications",
        "moduleName": "OneSignalNotifications",
        "genericSig": "<τ_0_0 : ObjectiveC.NSObjectProtocol>",
        "sugared_genericSig": "<Self : ObjectiveC.NSObjectProtocol>",
        "objc_name": "OSNotifications",
        "declAttributes": [
          "ObjC",
          "Dynamic"
        ],
        "isExternal": true
      },
      {
        "kind": "TypeDecl",
        "name": "OSLocation",
        "printedName": "OSLocation",
        "children": [
          {
            "kind": "Var",
            "name": "isShared",
            "printedName": "isShared",
            "children": [
              {
                "kind": "TypeNominal",
                "name": "Bool",
                "printedName": "Swift.Bool",
                "usr": "s:Sb"
              }
            ],
            "declKind": "Var",
            "usr": "s:So10OSLocationP18OneSignalFrameworkE8isSharedSbvpZ",
            "mangledName": "$sSo10OSLocationP18OneSignalFrameworkE8isSharedSbvpZ",
            "moduleName": "OneSignalFramework",
            "static": true,
            "isFromExtension": true,
            "accessors": [
              {
                "kind": "Accessor",
                "name": "Get",
                "printedName": "Get()",
                "children": [
                  {
                    "kind": "TypeNominal",
                    "name": "Bool",
                    "printedName": "Swift.Bool",
                    "usr": "s:Sb"
                  }
                ],
                "declKind": "Accessor",
                "usr": "s:So10OSLocationP18OneSignalFrameworkE8isSharedSbvgZ",
                "mangledName": "$sSo10OSLocationP18OneSignalFrameworkE8isSharedSbvgZ",
                "moduleName": "OneSignalFramework",
                "genericSig": "<τ_0_0 where τ_0_0 : OneSignalFramework.OSLocation>",
                "sugared_genericSig": "<Self where Self : OneSignalFramework.OSLocation>",
                "static": true,
                "isFromExtension": true,
                "accessorKind": "get"
              },
              {
                "kind": "Accessor",
                "name": "Set",
                "printedName": "Set()",
                "children": [
                  {
                    "kind": "TypeNominal",
                    "name": "Void",
                    "printedName": "()"
                  },
                  {
                    "kind": "TypeNominal",
                    "name": "Bool",
                    "printedName": "Swift.Bool",
                    "usr": "s:Sb"
                  }
                ],
                "declKind": "Accessor",
                "usr": "s:So10OSLocationP18OneSignalFrameworkE8isSharedSbvsZ",
                "mangledName": "$sSo10OSLocationP18OneSignalFrameworkE8isSharedSbvsZ",
                "moduleName": "OneSignalFramework",
                "genericSig": "<τ_0_0 where τ_0_0 : OneSignalFramework.OSLocation>",
                "sugared_genericSig": "<Self where Self : OneSignalFramework.OSLocation>",
                "static": true,
                "isFromExtension": true,
                "accessorKind": "set"
              },
              {
                "kind": "Accessor",
                "name": "Modify",
                "printedName": "Modify()",
                "children": [
                  {
                    "kind": "TypeNominal",
                    "name": "Void",
                    "printedName": "()"
                  }
                ],
                "declKind": "Accessor",
                "usr": "s:So10OSLocationP18OneSignalFrameworkE8isSharedSbvMZ",
                "mangledName": "$sSo10OSLocationP18OneSignalFrameworkE8isSharedSbvMZ",
                "moduleName": "OneSignalFramework",
                "genericSig": "<τ_0_0 where τ_0_0 : OneSignalFramework.OSLocation>",
                "sugared_genericSig": "<Self where Self : OneSignalFramework.OSLocation>",
                "static": true,
                "implicit": true,
                "isFromExtension": true,
                "accessorKind": "_modify"
              }
            ]
          }
        ],
        "declKind": "Protocol",
        "usr": "c:objc(pl)OSLocation",
        "moduleName": "OneSignalFramework",
        "genericSig": "<τ_0_0 : ObjectiveC.NSObjectProtocol>",
        "sugared_genericSig": "<Self : ObjectiveC.NSObjectProtocol>",
        "objc_name": "OSLocation",
        "declAttributes": [
          "ObjC",
          "Dynamic"
        ],
        "isExternal": true
      }
    ],
    "json_format_version": 8
  },
  "ConstValues": []
}